{
  "dataset_revision": "c22ab2a51041ffd869aaddef7af8d8215647e41a",
  "evaluation_time": 4.251073837280273,
  "kg_co2_emissions": null,
  "mteb_version": "1.18.6",
  "scores": {
    "test": [
      {
        "hf_subset": "default",
        "languages": [
          "eng-Latn"
        ],
        "main_score": 0.0,
        "map_at_1": 0.0,
        "map_at_10": 0.0,
        "map_at_100": 0.0,
        "map_at_1000": 0.00024,
        "map_at_20": 0.0,
        "map_at_3": 0.0,
        "map_at_5": 0.0,
        "mrr_at_1": 0.0007112375533428165,
        "mrr_at_10": 0.0014066698277224593,
        "mrr_at_100": 0.002335045853575959,
        "mrr_at_1000": 0.0028667347171830904,
        "mrr_at_20": 0.001756910569237439,
        "mrr_at_3": 0.0011853959222380274,
        "mrr_at_5": 0.0013276434329065907,
        "nauc_map_at_1000_diff1": -0.3379831273990537,
        "nauc_map_at_1000_max": -0.3379831273990537,
        "nauc_map_at_1000_std": -0.3379831273990537,
        "nauc_map_at_100_diff1": NaN,
        "nauc_map_at_100_max": NaN,
        "nauc_map_at_100_std": NaN,
        "nauc_map_at_10_diff1": NaN,
        "nauc_map_at_10_max": NaN,
        "nauc_map_at_10_std": NaN,
        "nauc_map_at_1_diff1": NaN,
        "nauc_map_at_1_max": NaN,
        "nauc_map_at_1_std": NaN,
        "nauc_map_at_20_diff1": NaN,
        "nauc_map_at_20_max": NaN,
        "nauc_map_at_20_std": NaN,
        "nauc_map_at_3_diff1": NaN,
        "nauc_map_at_3_max": NaN,
        "nauc_map_at_3_std": NaN,
        "nauc_map_at_5_diff1": NaN,
        "nauc_map_at_5_max": NaN,
        "nauc_map_at_5_std": NaN,
        "nauc_mrr_at_1000_diff1": -0.44512181600518763,
        "nauc_mrr_at_1000_max": -0.44512181600518763,
        "nauc_mrr_at_1000_std": -0.44512181600518763,
        "nauc_mrr_at_100_diff1": -0.4712593624856151,
        "nauc_mrr_at_100_max": -0.4712593624856151,
        "nauc_mrr_at_100_std": -0.4712593624856151,
        "nauc_mrr_at_10_diff1": -0.5274770023534832,
        "nauc_mrr_at_10_max": -0.5274770023534832,
        "nauc_mrr_at_10_std": -0.5274770023534832,
        "nauc_mrr_at_1_diff1": -0.575144837223859,
        "nauc_mrr_at_1_max": -0.575144837223859,
        "nauc_mrr_at_1_std": -0.575144837223859,
        "nauc_mrr_at_20_diff1": -0.5084306295618471,
        "nauc_mrr_at_20_max": -0.5084306295618471,
        "nauc_mrr_at_20_std": -0.5084306295618471,
        "nauc_mrr_at_3_diff1": -0.5431905989463841,
        "nauc_mrr_at_3_max": -0.5431905989463841,
        "nauc_mrr_at_3_std": -0.5431905989463841,
        "nauc_mrr_at_5_diff1": -0.5466142673332565,
        "nauc_mrr_at_5_max": -0.5466142673332565,
        "nauc_mrr_at_5_std": -0.5466142673332565,
        "nauc_ndcg_at_1000_diff1": -0.3702523571797113,
        "nauc_ndcg_at_1000_max": -0.3702523571797113,
        "nauc_ndcg_at_1000_std": -0.3702523571797113,
        "nauc_ndcg_at_100_diff1": NaN,
        "nauc_ndcg_at_100_max": NaN,
        "nauc_ndcg_at_100_std": NaN,
        "nauc_ndcg_at_10_diff1": NaN,
        "nauc_ndcg_at_10_max": NaN,
        "nauc_ndcg_at_10_std": NaN,
        "nauc_ndcg_at_1_diff1": NaN,
        "nauc_ndcg_at_1_max": NaN,
        "nauc_ndcg_at_1_std": NaN,
        "nauc_ndcg_at_20_diff1": NaN,
        "nauc_ndcg_at_20_max": NaN,
        "nauc_ndcg_at_20_std": NaN,
        "nauc_ndcg_at_3_diff1": NaN,
        "nauc_ndcg_at_3_max": NaN,
        "nauc_ndcg_at_3_std": NaN,
        "nauc_ndcg_at_5_diff1": NaN,
        "nauc_ndcg_at_5_max": NaN,
        "nauc_ndcg_at_5_std": NaN,
        "nauc_precision_at_1000_diff1": -0.3759153197311664,
        "nauc_precision_at_1000_max": -0.3759153197311664,
        "nauc_precision_at_1000_std": -0.3759153197311664,
        "nauc_precision_at_100_diff1": NaN,
        "nauc_precision_at_100_max": NaN,
        "nauc_precision_at_100_std": NaN,
        "nauc_precision_at_10_diff1": NaN,
        "nauc_precision_at_10_max": NaN,
        "nauc_precision_at_10_std": NaN,
        "nauc_precision_at_1_diff1": NaN,
        "nauc_precision_at_1_max": NaN,
        "nauc_precision_at_1_std": NaN,
        "nauc_precision_at_20_diff1": NaN,
        "nauc_precision_at_20_max": NaN,
        "nauc_precision_at_20_std": NaN,
        "nauc_precision_at_3_diff1": NaN,
        "nauc_precision_at_3_max": NaN,
        "nauc_precision_at_3_std": NaN,
        "nauc_precision_at_5_diff1": NaN,
        "nauc_precision_at_5_max": NaN,
        "nauc_precision_at_5_std": NaN,
        "nauc_recall_at_1000_diff1": -0.3759153197311662,
        "nauc_recall_at_1000_max": -0.3759153197311662,
        "nauc_recall_at_1000_std": -0.3759153197311662,
        "nauc_recall_at_100_diff1": NaN,
        "nauc_recall_at_100_max": NaN,
        "nauc_recall_at_100_std": NaN,
        "nauc_recall_at_10_diff1": NaN,
        "nauc_recall_at_10_max": NaN,
        "nauc_recall_at_10_std": NaN,
        "nauc_recall_at_1_diff1": NaN,
        "nauc_recall_at_1_max": NaN,
        "nauc_recall_at_1_std": NaN,
        "nauc_recall_at_20_diff1": NaN,
        "nauc_recall_at_20_max": NaN,
        "nauc_recall_at_20_std": NaN,
        "nauc_recall_at_3_diff1": NaN,
        "nauc_recall_at_3_max": NaN,
        "nauc_recall_at_3_std": NaN,
        "nauc_recall_at_5_diff1": NaN,
        "nauc_recall_at_5_max": NaN,
        "nauc_recall_at_5_std": NaN,
        "ndcg_at_1": 0.0,
        "ndcg_at_10": 0.0,
        "ndcg_at_100": 0.0,
        "ndcg_at_1000": 0.01858,
        "ndcg_at_20": 0.0,
        "ndcg_at_3": 0.0,
        "ndcg_at_5": 0.0,
        "precision_at_1": 0.0,
        "precision_at_10": 0.0,
        "precision_at_100": 0.0,
        "precision_at_1000": 0.00018,
        "precision_at_20": 0.0,
        "precision_at_3": 0.0,
        "precision_at_5": 0.0,
        "recall_at_1": 0.0,
        "recall_at_10": 0.0,
        "recall_at_100": 0.0,
        "recall_at_1000": 0.17781,
        "recall_at_20": 0.0,
        "recall_at_3": 0.0,
        "recall_at_5": 0.0
      }
    ]
  },
  "task_name": "ArguAna"
}