{
  "dataset_revision": "2000358ca161889fa9c082cb41daa8dcfb161a54",
  "evaluation_time": 0.5567750930786133,
  "kg_co2_emissions": null,
  "mteb_version": "1.18.6",
  "scores": {
    "test": [
      {
        "hf_subset": "default",
        "languages": [
          "eng-Latn"
        ],
        "main_score": 0.27354570637119113,
        "map": 0.27354570637119113,
        "mrr": 0.11357340720221606,
        "nAUC_map_diff1": 0.06667888923038502,
        "nAUC_map_max": 0.06667888923038502,
        "nAUC_map_std": 0.06667888923038502,
        "nAUC_mrr_diff1": -0.025530209964315886,
        "nAUC_mrr_max": -0.025530209964315886,
        "nAUC_mrr_std": -0.025530209964315886
      }
    ]
  },
  "task_name": "AskUbuntuDupQuestions"
}