{
  "dataset_revision": "90fceea13679c63fe563ded68f3b6f06e50061de",
  "evaluation_time": 2.3733248710632324,
  "kg_co2_emissions": null,
  "mteb_version": "1.18.6",
  "scores": {
    "test": [
      {
        "hf_subset": "default",
        "languages": [
          "eng-Latn"
        ],
        "main_score": 0.00039,
        "map_at_1": 0.0,
        "map_at_10": 0.00016,
        "map_at_100": 0.00022,
        "map_at_1000": 0.00036,
        "map_at_20": 0.00016,
        "map_at_3": 0.0,
        "map_at_5": 0.0,
        "mrr_at_1": 0.0,
        "mrr_at_10": 0.0,
        "mrr_at_100": 0.000285390414880901,
        "mrr_at_1000": 0.0005080552551459055,
        "mrr_at_20": 0.0,
        "mrr_at_3": 0.0,
        "mrr_at_5": 0.0,
        "nauc_map_at_1000_diff1": 0.4015158969696085,
        "nauc_map_at_1000_max": 0.4015158969696085,
        "nauc_map_at_1000_std": 0.4015158969696085,
        "nauc_map_at_100_diff1": 0.6480898168367228,
        "nauc_map_at_100_max": 0.6480898168367228,
        "nauc_map_at_100_std": 0.6480898168367228,
        "nauc_map_at_10_diff1": 1.0,
        "nauc_map_at_10_max": 1.0,
        "nauc_map_at_10_std": 1.0,
        "nauc_map_at_1_diff1": NaN,
        "nauc_map_at_1_max": NaN,
        "nauc_map_at_1_std": NaN,
        "nauc_map_at_20_diff1": 1.0,
        "nauc_map_at_20_max": 1.0,
        "nauc_map_at_20_std": 1.0,
        "nauc_map_at_3_diff1": NaN,
        "nauc_map_at_3_max": NaN,
        "nauc_map_at_3_std": NaN,
        "nauc_map_at_5_diff1": NaN,
        "nauc_map_at_5_max": NaN,
        "nauc_map_at_5_std": NaN,
        "nauc_mrr_at_1000_diff1": 0.06720785368218071,
        "nauc_mrr_at_1000_max": 0.06720785368218071,
        "nauc_mrr_at_1000_std": 0.06720785368218071,
        "nauc_mrr_at_100_diff1": 0.11484983074713372,
        "nauc_mrr_at_100_max": 0.11484983074713372,
        "nauc_mrr_at_100_std": 0.11484983074713372,
        "nauc_mrr_at_10_diff1": NaN,
        "nauc_mrr_at_10_max": NaN,
        "nauc_mrr_at_10_std": NaN,
        "nauc_mrr_at_1_diff1": NaN,
        "nauc_mrr_at_1_max": NaN,
        "nauc_mrr_at_1_std": NaN,
        "nauc_mrr_at_20_diff1": NaN,
        "nauc_mrr_at_20_max": NaN,
        "nauc_mrr_at_20_std": NaN,
        "nauc_mrr_at_3_diff1": NaN,
        "nauc_mrr_at_3_max": NaN,
        "nauc_mrr_at_3_std": NaN,
        "nauc_mrr_at_5_diff1": NaN,
        "nauc_mrr_at_5_max": NaN,
        "nauc_mrr_at_5_std": NaN,
        "nauc_ndcg_at_1000_diff1": 0.06191788924931597,
        "nauc_ndcg_at_1000_max": 0.06191788924931597,
        "nauc_ndcg_at_1000_std": 0.06191788924931597,
        "nauc_ndcg_at_100_diff1": 0.2818778727389826,
        "nauc_ndcg_at_100_max": 0.2818778727389826,
        "nauc_ndcg_at_100_std": 0.2818778727389826,
        "nauc_ndcg_at_10_diff1": 1.0,
        "nauc_ndcg_at_10_max": 1.0,
        "nauc_ndcg_at_10_std": 1.0,
        "nauc_ndcg_at_1_diff1": NaN,
        "nauc_ndcg_at_1_max": NaN,
        "nauc_ndcg_at_1_std": NaN,
        "nauc_ndcg_at_20_diff1": 1.0,
        "nauc_ndcg_at_20_max": 1.0,
        "nauc_ndcg_at_20_std": 1.0,
        "nauc_ndcg_at_3_diff1": NaN,
        "nauc_ndcg_at_3_max": NaN,
        "nauc_ndcg_at_3_std": NaN,
        "nauc_ndcg_at_5_diff1": NaN,
        "nauc_ndcg_at_5_max": NaN,
        "nauc_ndcg_at_5_std": NaN,
        "nauc_precision_at_1000_diff1": 0.11549114937534355,
        "nauc_precision_at_1000_max": 0.11549114937534355,
        "nauc_precision_at_1000_std": 0.11549114937534355,
        "nauc_precision_at_100_diff1": 0.14343066346461367,
        "nauc_precision_at_100_max": 0.14343066346461367,
        "nauc_precision_at_100_std": 0.14343066346461367,
        "nauc_precision_at_10_diff1": 1.0,
        "nauc_precision_at_10_max": 1.0,
        "nauc_precision_at_10_std": 1.0,
        "nauc_precision_at_1_diff1": NaN,
        "nauc_precision_at_1_max": NaN,
        "nauc_precision_at_1_std": NaN,
        "nauc_precision_at_20_diff1": 1.0,
        "nauc_precision_at_20_max": 1.0,
        "nauc_precision_at_20_std": 1.0,
        "nauc_precision_at_3_diff1": NaN,
        "nauc_precision_at_3_max": NaN,
        "nauc_precision_at_3_std": NaN,
        "nauc_precision_at_5_diff1": NaN,
        "nauc_precision_at_5_max": NaN,
        "nauc_precision_at_5_std": NaN,
        "nauc_recall_at_1000_diff1": 0.003116179419026443,
        "nauc_recall_at_1000_max": 0.003116179419026443,
        "nauc_recall_at_1000_std": 0.003116179419026443,
        "nauc_recall_at_100_diff1": 0.1503926373659129,
        "nauc_recall_at_100_max": 0.1503926373659129,
        "nauc_recall_at_100_std": 0.1503926373659129,
        "nauc_recall_at_10_diff1": 1.0,
        "nauc_recall_at_10_max": 1.0,
        "nauc_recall_at_10_std": 1.0,
        "nauc_recall_at_1_diff1": NaN,
        "nauc_recall_at_1_max": NaN,
        "nauc_recall_at_1_std": NaN,
        "nauc_recall_at_20_diff1": 1.0,
        "nauc_recall_at_20_max": 1.0,
        "nauc_recall_at_20_std": 1.0,
        "nauc_recall_at_3_diff1": NaN,
        "nauc_recall_at_3_max": NaN,
        "nauc_recall_at_3_std": NaN,
        "nauc_recall_at_5_diff1": NaN,
        "nauc_recall_at_5_max": NaN,
        "nauc_recall_at_5_std": NaN,
        "ndcg_at_1": 0.0,
        "ndcg_at_10": 0.00039,
        "ndcg_at_100": 0.00111,
        "ndcg_at_1000": 0.00813,
        "ndcg_at_20": 0.00039,
        "ndcg_at_3": 0.0,
        "ndcg_at_5": 0.0,
        "precision_at_1": 0.0,
        "precision_at_10": 0.00012,
        "precision_at_100": 6e-05,
        "precision_at_1000": 0.00011,
        "precision_at_20": 6e-05,
        "precision_at_3": 0.0,
        "precision_at_5": 0.0,
        "recall_at_1": 0.0,
        "recall_at_10": 0.00124,
        "recall_at_100": 0.00539,
        "recall_at_1000": 0.05988,
        "recall_at_20": 0.00124,
        "recall_at_3": 0.0,
        "recall_at_5": 0.0
      }
    ]
  },
  "task_name": "CQADupstackMathematicaRetrieval"
}