{
  "dataset_revision": "ad9991cb51e31e31e430383c75ffb2885547b5f0",
  "evaluation_time": 5.019841432571411,
  "kg_co2_emissions": null,
  "mteb_version": "1.18.6",
  "scores": {
    "test": [
      {
        "hf_subset": "default",
        "languages": [
          "eng-Latn"
        ],
        "main_score": 0.0,
        "map_at_1": 0.0,
        "map_at_10": 0.0,
        "map_at_100": 2e-05,
        "map_at_1000": 6e-05,
        "map_at_20": 0.0,
        "map_at_3": 0.0,
        "map_at_5": 0.0,
        "mrr_at_1": 0.0,
        "mrr_at_10": 0.00026185421089879686,
        "mrr_at_100": 0.00037691196227407066,
        "mrr_at_1000": 0.0004644724658989735,
        "mrr_at_20": 0.00029723991507431,
        "mrr_at_3": 0.0,
        "mrr_at_5": 0.00012738853503184715,
        "nauc_map_at_1000_diff1": 0.0014556825929946547,
        "nauc_map_at_1000_max": 0.0014556825929946547,
        "nauc_map_at_1000_std": 0.0014556825929946547,
        "nauc_map_at_100_diff1": -0.32378320364904756,
        "nauc_map_at_100_max": -0.32378320364904756,
        "nauc_map_at_100_std": -0.32378320364904756,
        "nauc_map_at_10_diff1": NaN,
        "nauc_map_at_10_max": NaN,
        "nauc_map_at_10_std": NaN,
        "nauc_map_at_1_diff1": NaN,
        "nauc_map_at_1_max": NaN,
        "nauc_map_at_1_std": NaN,
        "nauc_map_at_20_diff1": NaN,
        "nauc_map_at_20_max": NaN,
        "nauc_map_at_20_std": NaN,
        "nauc_map_at_3_diff1": NaN,
        "nauc_map_at_3_max": NaN,
        "nauc_map_at_3_std": NaN,
        "nauc_map_at_5_diff1": NaN,
        "nauc_map_at_5_max": NaN,
        "nauc_map_at_5_std": NaN,
        "nauc_mrr_at_1000_diff1": 0.10330479581148638,
        "nauc_mrr_at_1000_max": 0.10330479581148638,
        "nauc_mrr_at_1000_std": 0.10330479581148638,
        "nauc_mrr_at_100_diff1": 0.08970285111184871,
        "nauc_mrr_at_100_max": 0.08970285111184871,
        "nauc_mrr_at_100_std": 0.08970285111184871,
        "nauc_mrr_at_10_diff1": -0.014945721143735519,
        "nauc_mrr_at_10_max": -0.014945721143735519,
        "nauc_mrr_at_10_std": -0.014945721143735519,
        "nauc_mrr_at_1_diff1": NaN,
        "nauc_mrr_at_1_max": NaN,
        "nauc_mrr_at_1_std": NaN,
        "nauc_mrr_at_20_diff1": 0.10588115042099483,
        "nauc_mrr_at_20_max": 0.10588115042099483,
        "nauc_mrr_at_20_std": 0.10588115042099483,
        "nauc_mrr_at_3_diff1": NaN,
        "nauc_mrr_at_3_max": NaN,
        "nauc_mrr_at_3_std": NaN,
        "nauc_mrr_at_5_diff1": 0.3238529648510866,
        "nauc_mrr_at_5_max": 0.3238529648510866,
        "nauc_mrr_at_5_std": 0.3238529648510866,
        "nauc_ndcg_at_1000_diff1": 0.09592433879528074,
        "nauc_ndcg_at_1000_max": 0.09592433879528074,
        "nauc_ndcg_at_1000_std": 0.09592433879528074,
        "nauc_ndcg_at_100_diff1": -0.3035796601417207,
        "nauc_ndcg_at_100_max": -0.3035796601417207,
        "nauc_ndcg_at_100_std": -0.3035796601417207,
        "nauc_ndcg_at_10_diff1": NaN,
        "nauc_ndcg_at_10_max": NaN,
        "nauc_ndcg_at_10_std": NaN,
        "nauc_ndcg_at_1_diff1": NaN,
        "nauc_ndcg_at_1_max": NaN,
        "nauc_ndcg_at_1_std": NaN,
        "nauc_ndcg_at_20_diff1": NaN,
        "nauc_ndcg_at_20_max": NaN,
        "nauc_ndcg_at_20_std": NaN,
        "nauc_ndcg_at_3_diff1": NaN,
        "nauc_ndcg_at_3_max": NaN,
        "nauc_ndcg_at_3_std": NaN,
        "nauc_ndcg_at_5_diff1": NaN,
        "nauc_ndcg_at_5_max": NaN,
        "nauc_ndcg_at_5_std": NaN,
        "nauc_precision_at_1000_diff1": 0.11751006171183262,
        "nauc_precision_at_1000_max": 0.11751006171183262,
        "nauc_precision_at_1000_std": 0.11751006171183262,
        "nauc_precision_at_100_diff1": -0.24282264555943112,
        "nauc_precision_at_100_max": -0.24282264555943112,
        "nauc_precision_at_100_std": -0.24282264555943112,
        "nauc_precision_at_10_diff1": NaN,
        "nauc_precision_at_10_max": NaN,
        "nauc_precision_at_10_std": NaN,
        "nauc_precision_at_1_diff1": NaN,
        "nauc_precision_at_1_max": NaN,
        "nauc_precision_at_1_std": NaN,
        "nauc_precision_at_20_diff1": NaN,
        "nauc_precision_at_20_max": NaN,
        "nauc_precision_at_20_std": NaN,
        "nauc_precision_at_3_diff1": NaN,
        "nauc_precision_at_3_max": NaN,
        "nauc_precision_at_3_std": NaN,
        "nauc_precision_at_5_diff1": NaN,
        "nauc_precision_at_5_max": NaN,
        "nauc_precision_at_5_std": NaN,
        "nauc_recall_at_1000_diff1": 0.10106061962397973,
        "nauc_recall_at_1000_max": 0.10106061962397973,
        "nauc_recall_at_1000_std": 0.10106061962397973,
        "nauc_recall_at_100_diff1": -0.328950898846257,
        "nauc_recall_at_100_max": -0.328950898846257,
        "nauc_recall_at_100_std": -0.328950898846257,
        "nauc_recall_at_10_diff1": NaN,
        "nauc_recall_at_10_max": NaN,
        "nauc_recall_at_10_std": NaN,
        "nauc_recall_at_1_diff1": NaN,
        "nauc_recall_at_1_max": NaN,
        "nauc_recall_at_1_std": NaN,
        "nauc_recall_at_20_diff1": NaN,
        "nauc_recall_at_20_max": NaN,
        "nauc_recall_at_20_std": NaN,
        "nauc_recall_at_3_diff1": NaN,
        "nauc_recall_at_3_max": NaN,
        "nauc_recall_at_3_std": NaN,
        "nauc_recall_at_5_diff1": NaN,
        "nauc_recall_at_5_max": NaN,
        "nauc_recall_at_5_std": NaN,
        "ndcg_at_1": 0.0,
        "ndcg_at_10": 0.0,
        "ndcg_at_100": 0.00016,
        "ndcg_at_1000": 0.00253,
        "ndcg_at_20": 0.0,
        "ndcg_at_3": 0.0,
        "ndcg_at_5": 0.0,
        "precision_at_1": 0.0,
        "precision_at_10": 0.0,
        "precision_at_100": 1e-05,
        "precision_at_1000": 5e-05,
        "precision_at_20": 0.0,
        "precision_at_3": 0.0,
        "precision_at_5": 0.0,
        "recall_at_1": 0.0,
        "recall_at_10": 0.0,
        "recall_at_100": 0.00085,
        "recall_at_1000": 0.01812,
        "recall_at_20": 0.0,
        "recall_at_3": 0.0,
        "recall_at_5": 0.0
      }
    ]
  },
  "task_name": "CQADupstackEnglishRetrieval"
}