{
  "dataset_revision": "160c094312a0e1facb97e55eeddb698c0abe3571",
  "evaluation_time": 1.7171273231506348,
  "kg_co2_emissions": null,
  "mteb_version": "1.18.6",
  "scores": {
    "test": [
      {
        "hf_subset": "default",
        "languages": [
          "eng-Latn"
        ],
        "main_score": 0.0,
        "map_at_1": 0.0,
        "map_at_10": 0.0,
        "map_at_100": 0.00021,
        "map_at_1000": 0.00036,
        "map_at_20": 0.00013,
        "map_at_3": 0.0,
        "map_at_5": 0.0,
        "mrr_at_1": 0.001976284584980237,
        "mrr_at_10": 0.0021958717610891525,
        "mrr_at_100": 0.0023401373838236746,
        "mrr_at_1000": 0.0025835892785065376,
        "mrr_at_20": 0.0021958717610891525,
        "mrr_at_3": 0.001976284584980237,
        "mrr_at_5": 0.001976284584980237,
        "nauc_map_at_1000_diff1": 0.29288638518365706,
        "nauc_map_at_1000_max": 0.29288638518365706,
        "nauc_map_at_1000_std": 0.29288638518365706,
        "nauc_map_at_100_diff1": 0.5664949691878911,
        "nauc_map_at_100_max": 0.5664949691878911,
        "nauc_map_at_100_std": 0.5664949691878911,
        "nauc_map_at_10_diff1": NaN,
        "nauc_map_at_10_max": NaN,
        "nauc_map_at_10_std": NaN,
        "nauc_map_at_1_diff1": NaN,
        "nauc_map_at_1_max": NaN,
        "nauc_map_at_1_std": NaN,
        "nauc_map_at_20_diff1": 1.0,
        "nauc_map_at_20_max": 1.0,
        "nauc_map_at_20_std": 1.0,
        "nauc_map_at_3_diff1": NaN,
        "nauc_map_at_3_max": NaN,
        "nauc_map_at_3_std": NaN,
        "nauc_map_at_5_diff1": NaN,
        "nauc_map_at_5_max": NaN,
        "nauc_map_at_5_std": NaN,
        "nauc_mrr_at_1000_diff1": 0.12229802105224466,
        "nauc_mrr_at_1000_max": 0.12229802105224466,
        "nauc_mrr_at_1000_std": 0.12229802105224466,
        "nauc_mrr_at_100_diff1": 0.12703603759766147,
        "nauc_mrr_at_100_max": 0.12703603759766147,
        "nauc_mrr_at_100_std": 0.12703603759766147,
        "nauc_mrr_at_10_diff1": 0.12148912560899516,
        "nauc_mrr_at_10_max": 0.12148912560899516,
        "nauc_mrr_at_10_std": 0.12148912560899516,
        "nauc_mrr_at_1_diff1": 0.09893513802937172,
        "nauc_mrr_at_1_max": 0.09893513802937172,
        "nauc_mrr_at_1_std": 0.09893513802937172,
        "nauc_mrr_at_20_diff1": 0.12148912560899516,
        "nauc_mrr_at_20_max": 0.12148912560899516,
        "nauc_mrr_at_20_std": 0.12148912560899516,
        "nauc_mrr_at_3_diff1": 0.09893513802937172,
        "nauc_mrr_at_3_max": 0.09893513802937172,
        "nauc_mrr_at_3_std": 0.09893513802937172,
        "nauc_mrr_at_5_diff1": 0.09893513802937172,
        "nauc_mrr_at_5_max": 0.09893513802937172,
        "nauc_mrr_at_5_std": 0.09893513802937172,
        "nauc_ndcg_at_1000_diff1": 0.014697731008609318,
        "nauc_ndcg_at_1000_max": 0.014697731008609318,
        "nauc_ndcg_at_1000_std": 0.014697731008609318,
        "nauc_ndcg_at_100_diff1": 0.21452722265516455,
        "nauc_ndcg_at_100_max": 0.21452722265516455,
        "nauc_ndcg_at_100_std": 0.21452722265516455,
        "nauc_ndcg_at_10_diff1": NaN,
        "nauc_ndcg_at_10_max": NaN,
        "nauc_ndcg_at_10_std": NaN,
        "nauc_ndcg_at_1_diff1": NaN,
        "nauc_ndcg_at_1_max": NaN,
        "nauc_ndcg_at_1_std": NaN,
        "nauc_ndcg_at_20_diff1": 1.0,
        "nauc_ndcg_at_20_max": 1.0,
        "nauc_ndcg_at_20_std": 1.0,
        "nauc_ndcg_at_3_diff1": NaN,
        "nauc_ndcg_at_3_max": NaN,
        "nauc_ndcg_at_3_std": NaN,
        "nauc_ndcg_at_5_diff1": NaN,
        "nauc_ndcg_at_5_max": NaN,
        "nauc_ndcg_at_5_std": NaN,
        "nauc_precision_at_1000_diff1": 0.08633787926224237,
        "nauc_precision_at_1000_max": 0.08633787926224237,
        "nauc_precision_at_1000_std": 0.08633787926224237,
        "nauc_precision_at_100_diff1": 0.11973670468438999,
        "nauc_precision_at_100_max": 0.11973670468438999,
        "nauc_precision_at_100_std": 0.11973670468438999,
        "nauc_precision_at_10_diff1": NaN,
        "nauc_precision_at_10_max": NaN,
        "nauc_precision_at_10_std": NaN,
        "nauc_precision_at_1_diff1": NaN,
        "nauc_precision_at_1_max": NaN,
        "nauc_precision_at_1_std": NaN,
        "nauc_precision_at_20_diff1": 1.0,
        "nauc_precision_at_20_max": 1.0,
        "nauc_precision_at_20_std": 1.0,
        "nauc_precision_at_3_diff1": NaN,
        "nauc_precision_at_3_max": NaN,
        "nauc_precision_at_3_std": NaN,
        "nauc_precision_at_5_diff1": NaN,
        "nauc_precision_at_5_max": NaN,
        "nauc_precision_at_5_std": NaN,
        "nauc_recall_at_1000_diff1": -0.026895846012032206,
        "nauc_recall_at_1000_max": -0.026895846012032206,
        "nauc_recall_at_1000_std": -0.026895846012032206,
        "nauc_recall_at_100_diff1": 0.11278489965149605,
        "nauc_recall_at_100_max": 0.11278489965149605,
        "nauc_recall_at_100_std": 0.11278489965149605,
        "nauc_recall_at_10_diff1": NaN,
        "nauc_recall_at_10_max": NaN,
        "nauc_recall_at_10_std": NaN,
        "nauc_recall_at_1_diff1": NaN,
        "nauc_recall_at_1_max": NaN,
        "nauc_recall_at_1_std": NaN,
        "nauc_recall_at_20_diff1": 1.0,
        "nauc_recall_at_20_max": 1.0,
        "nauc_recall_at_20_std": 1.0,
        "nauc_recall_at_3_diff1": NaN,
        "nauc_recall_at_3_max": NaN,
        "nauc_recall_at_3_std": NaN,
        "nauc_recall_at_5_diff1": NaN,
        "nauc_recall_at_5_max": NaN,
        "nauc_recall_at_5_std": NaN,
        "ndcg_at_1": 0.0,
        "ndcg_at_10": 0.0,
        "ndcg_at_100": 0.0016,
        "ndcg_at_1000": 0.00876,
        "ndcg_at_20": 0.00049,
        "ndcg_at_3": 0.0,
        "ndcg_at_5": 0.0,
        "precision_at_1": 0.0,
        "precision_at_10": 0.0,
        "precision_at_100": 0.00024,
        "precision_at_1000": 0.00015,
        "precision_at_20": 0.0001,
        "precision_at_3": 0.0,
        "precision_at_5": 0.0,
        "recall_at_1": 0.0,
        "recall_at_10": 0.0,
        "recall_at_100": 0.00761,
        "recall_at_1000": 0.06451,
        "recall_at_20": 0.00198,
        "recall_at_3": 0.0,
        "recall_at_5": 0.0
      }
    ]
  },
  "task_name": "CQADupstackWebmastersRetrieval"
}