{
  "dataset_revision": "79531abbd1fb92d06c6d6315a0cbbbf5bb247ea4",
  "evaluation_time": 3.770017623901367,
  "kg_co2_emissions": null,
  "mteb_version": "1.18.6",
  "scores": {
    "test": [
      {
        "hf_subset": "default",
        "languages": [
          "eng-Latn"
        ],
        "main_score": 0.00037,
        "map_at_1": 0.0,
        "map_at_10": 0.00019,
        "map_at_100": 0.00024,
        "map_at_1000": 0.00031,
        "map_at_20": 0.00019,
        "map_at_3": 0.0,
        "map_at_5": 0.00019,
        "mrr_at_1": 0.0,
        "mrr_at_10": 0.0,
        "mrr_at_100": 9.254706780116074e-05,
        "mrr_at_1000": 0.0002031631588480602,
        "mrr_at_20": 0.0,
        "mrr_at_3": 0.0,
        "mrr_at_5": 0.0,
        "nauc_map_at_1000_diff1": -0.07405749803276414,
        "nauc_map_at_1000_max": -0.07405749803276414,
        "nauc_map_at_1000_std": -0.07405749803276414,
        "nauc_map_at_100_diff1": -0.07714246018442521,
        "nauc_map_at_100_max": -0.07714246018442521,
        "nauc_map_at_100_std": -0.07714246018442521,
        "nauc_map_at_10_diff1": -0.20581106866438986,
        "nauc_map_at_10_max": -0.20581106866438986,
        "nauc_map_at_10_std": -0.20581106866438986,
        "nauc_map_at_1_diff1": NaN,
        "nauc_map_at_1_max": NaN,
        "nauc_map_at_1_std": NaN,
        "nauc_map_at_20_diff1": -0.20581106866438986,
        "nauc_map_at_20_max": -0.20581106866438986,
        "nauc_map_at_20_std": -0.20581106866438986,
        "nauc_map_at_3_diff1": NaN,
        "nauc_map_at_3_max": NaN,
        "nauc_map_at_3_std": NaN,
        "nauc_map_at_5_diff1": -0.20581106866438986,
        "nauc_map_at_5_max": -0.20581106866438986,
        "nauc_map_at_5_std": -0.20581106866438986,
        "nauc_mrr_at_1000_diff1": 0.03665112409217609,
        "nauc_mrr_at_1000_max": 0.03665112409217609,
        "nauc_mrr_at_1000_std": 0.03665112409217609,
        "nauc_mrr_at_100_diff1": -0.1426816708667256,
        "nauc_mrr_at_100_max": -0.1426816708667256,
        "nauc_mrr_at_100_std": -0.1426816708667256,
        "nauc_mrr_at_10_diff1": NaN,
        "nauc_mrr_at_10_max": NaN,
        "nauc_mrr_at_10_std": NaN,
        "nauc_mrr_at_1_diff1": NaN,
        "nauc_mrr_at_1_max": NaN,
        "nauc_mrr_at_1_std": NaN,
        "nauc_mrr_at_20_diff1": NaN,
        "nauc_mrr_at_20_max": NaN,
        "nauc_mrr_at_20_std": NaN,
        "nauc_mrr_at_3_diff1": NaN,
        "nauc_mrr_at_3_max": NaN,
        "nauc_mrr_at_3_std": NaN,
        "nauc_mrr_at_5_diff1": NaN,
        "nauc_mrr_at_5_max": NaN,
        "nauc_mrr_at_5_std": NaN,
        "nauc_ndcg_at_1000_diff1": 0.04989648047666444,
        "nauc_ndcg_at_1000_max": 0.04989648047666444,
        "nauc_ndcg_at_1000_std": 0.04989648047666444,
        "nauc_ndcg_at_100_diff1": 0.19853412994879988,
        "nauc_ndcg_at_100_max": 0.19853412994879988,
        "nauc_ndcg_at_100_std": 0.19853412994879988,
        "nauc_ndcg_at_10_diff1": -0.20581106866438992,
        "nauc_ndcg_at_10_max": -0.20581106866438992,
        "nauc_ndcg_at_10_std": -0.20581106866438992,
        "nauc_ndcg_at_1_diff1": NaN,
        "nauc_ndcg_at_1_max": NaN,
        "nauc_ndcg_at_1_std": NaN,
        "nauc_ndcg_at_20_diff1": -0.20581106866438992,
        "nauc_ndcg_at_20_max": -0.20581106866438992,
        "nauc_ndcg_at_20_std": -0.20581106866438992,
        "nauc_ndcg_at_3_diff1": NaN,
        "nauc_ndcg_at_3_max": NaN,
        "nauc_ndcg_at_3_std": NaN,
        "nauc_ndcg_at_5_diff1": -0.20581106866438992,
        "nauc_ndcg_at_5_max": -0.20581106866438992,
        "nauc_ndcg_at_5_std": -0.20581106866438992,
        "nauc_precision_at_1000_diff1": 0.09150826250993466,
        "nauc_precision_at_1000_max": 0.09150826250993466,
        "nauc_precision_at_1000_std": 0.09150826250993466,
        "nauc_precision_at_100_diff1": 0.43340230637968175,
        "nauc_precision_at_100_max": 0.43340230637968175,
        "nauc_precision_at_100_std": 0.43340230637968175,
        "nauc_precision_at_10_diff1": -0.20581106866438986,
        "nauc_precision_at_10_max": -0.20581106866438986,
        "nauc_precision_at_10_std": -0.20581106866438986,
        "nauc_precision_at_1_diff1": NaN,
        "nauc_precision_at_1_max": NaN,
        "nauc_precision_at_1_std": NaN,
        "nauc_precision_at_20_diff1": -0.20581106866438986,
        "nauc_precision_at_20_max": -0.20581106866438986,
        "nauc_precision_at_20_std": -0.20581106866438986,
        "nauc_precision_at_3_diff1": NaN,
        "nauc_precision_at_3_max": NaN,
        "nauc_precision_at_3_std": NaN,
        "nauc_precision_at_5_diff1": -0.20581106866438986,
        "nauc_precision_at_5_max": -0.20581106866438986,
        "nauc_precision_at_5_std": -0.20581106866438986,
        "nauc_recall_at_1000_diff1": 0.04932545311847212,
        "nauc_recall_at_1000_max": 0.04932545311847212,
        "nauc_recall_at_1000_std": 0.04932545311847212,
        "nauc_recall_at_100_diff1": 0.2890799625974476,
        "nauc_recall_at_100_max": 0.2890799625974476,
        "nauc_recall_at_100_std": 0.2890799625974476,
        "nauc_recall_at_10_diff1": -0.2058110686643899,
        "nauc_recall_at_10_max": -0.2058110686643899,
        "nauc_recall_at_10_std": -0.2058110686643899,
        "nauc_recall_at_1_diff1": NaN,
        "nauc_recall_at_1_max": NaN,
        "nauc_recall_at_1_std": NaN,
        "nauc_recall_at_20_diff1": -0.2058110686643899,
        "nauc_recall_at_20_max": -0.2058110686643899,
        "nauc_recall_at_20_std": -0.2058110686643899,
        "nauc_recall_at_3_diff1": NaN,
        "nauc_recall_at_3_max": NaN,
        "nauc_recall_at_3_std": NaN,
        "nauc_recall_at_5_diff1": -0.2058110686643899,
        "nauc_recall_at_5_max": -0.2058110686643899,
        "nauc_recall_at_5_std": -0.2058110686643899,
        "ndcg_at_1": 0.0,
        "ndcg_at_10": 0.00037,
        "ndcg_at_100": 0.00089,
        "ndcg_at_1000": 0.00441,
        "ndcg_at_20": 0.00037,
        "ndcg_at_3": 0.0,
        "ndcg_at_5": 0.00037,
        "precision_at_1": 0.0,
        "precision_at_10": 0.0001,
        "precision_at_100": 7e-05,
        "precision_at_1000": 5e-05,
        "precision_at_20": 5e-05,
        "precision_at_3": 0.0,
        "precision_at_5": 0.00019,
        "recall_at_1": 0.0,
        "recall_at_10": 0.00096,
        "recall_at_100": 0.00354,
        "recall_at_1000": 0.03083,
        "recall_at_20": 0.00096,
        "recall_at_3": 0.0,
        "recall_at_5": 0.00096
      }
    ]
  },
  "task_name": "CQADupstackPhysicsRetrieval"
}