{
  "dataset_revision": "4ffe81d471b1924886b33c7567bfb200e9eec5c4",
  "evaluation_time": 2.473461389541626,
  "kg_co2_emissions": null,
  "mteb_version": "1.18.6",
  "scores": {
    "test": [
      {
        "hf_subset": "default",
        "languages": [
          "eng-Latn"
        ],
        "main_score": 0.0002,
        "map_at_1": 0.0,
        "map_at_10": 5e-05,
        "map_at_100": 7e-05,
        "map_at_1000": 0.00011,
        "map_at_20": 5e-05,
        "map_at_3": 0.0,
        "map_at_5": 0.0,
        "mrr_at_1": 0.0,
        "mrr_at_10": 0.0,
        "mrr_at_100": 2.076886332011049e-05,
        "mrr_at_1000": 6.499159205562477e-05,
        "mrr_at_20": 0.0,
        "mrr_at_3": 0.0,
        "mrr_at_5": 0.0,
        "nauc_map_at_1000_diff1": -0.0443404069640384,
        "nauc_map_at_1000_max": -0.0443404069640384,
        "nauc_map_at_1000_std": -0.0443404069640384,
        "nauc_map_at_100_diff1": -0.07098138526281587,
        "nauc_map_at_100_max": -0.07098138526281587,
        "nauc_map_at_100_std": -0.07098138526281587,
        "nauc_map_at_10_diff1": -0.07098138526281575,
        "nauc_map_at_10_max": -0.07098138526281575,
        "nauc_map_at_10_std": -0.07098138526281575,
        "nauc_map_at_1_diff1": NaN,
        "nauc_map_at_1_max": NaN,
        "nauc_map_at_1_std": NaN,
        "nauc_map_at_20_diff1": -0.07098138526281575,
        "nauc_map_at_20_max": -0.07098138526281575,
        "nauc_map_at_20_std": -0.07098138526281575,
        "nauc_map_at_3_diff1": NaN,
        "nauc_map_at_3_max": NaN,
        "nauc_map_at_3_std": NaN,
        "nauc_map_at_5_diff1": NaN,
        "nauc_map_at_5_max": NaN,
        "nauc_map_at_5_std": NaN,
        "nauc_mrr_at_1000_diff1": 0.2985043975576236,
        "nauc_mrr_at_1000_max": 0.2985043975576236,
        "nauc_mrr_at_1000_std": 0.2985043975576236,
        "nauc_mrr_at_100_diff1": 1.0,
        "nauc_mrr_at_100_max": 1.0,
        "nauc_mrr_at_100_std": 1.0,
        "nauc_mrr_at_10_diff1": NaN,
        "nauc_mrr_at_10_max": NaN,
        "nauc_mrr_at_10_std": NaN,
        "nauc_mrr_at_1_diff1": NaN,
        "nauc_mrr_at_1_max": NaN,
        "nauc_mrr_at_1_std": NaN,
        "nauc_mrr_at_20_diff1": NaN,
        "nauc_mrr_at_20_max": NaN,
        "nauc_mrr_at_20_std": NaN,
        "nauc_mrr_at_3_diff1": NaN,
        "nauc_mrr_at_3_max": NaN,
        "nauc_mrr_at_3_std": NaN,
        "nauc_mrr_at_5_diff1": NaN,
        "nauc_mrr_at_5_max": NaN,
        "nauc_mrr_at_5_std": NaN,
        "nauc_ndcg_at_1000_diff1": 0.02251647618575204,
        "nauc_ndcg_at_1000_max": 0.02251647618575204,
        "nauc_ndcg_at_1000_std": 0.02251647618575204,
        "nauc_ndcg_at_100_diff1": -0.0709813852628157,
        "nauc_ndcg_at_100_max": -0.0709813852628157,
        "nauc_ndcg_at_100_std": -0.0709813852628157,
        "nauc_ndcg_at_10_diff1": -0.07098138526281578,
        "nauc_ndcg_at_10_max": -0.07098138526281578,
        "nauc_ndcg_at_10_std": -0.07098138526281578,
        "nauc_ndcg_at_1_diff1": NaN,
        "nauc_ndcg_at_1_max": NaN,
        "nauc_ndcg_at_1_std": NaN,
        "nauc_ndcg_at_20_diff1": -0.07098138526281578,
        "nauc_ndcg_at_20_max": -0.07098138526281578,
        "nauc_ndcg_at_20_std": -0.07098138526281578,
        "nauc_ndcg_at_3_diff1": NaN,
        "nauc_ndcg_at_3_max": NaN,
        "nauc_ndcg_at_3_std": NaN,
        "nauc_ndcg_at_5_diff1": NaN,
        "nauc_ndcg_at_5_max": NaN,
        "nauc_ndcg_at_5_std": NaN,
        "nauc_precision_at_1000_diff1": 0.09636614409727592,
        "nauc_precision_at_1000_max": 0.09636614409727592,
        "nauc_precision_at_1000_std": 0.09636614409727592,
        "nauc_precision_at_100_diff1": -0.07098138526281578,
        "nauc_precision_at_100_max": -0.07098138526281578,
        "nauc_precision_at_100_std": -0.07098138526281578,
        "nauc_precision_at_10_diff1": -0.07098138526281575,
        "nauc_precision_at_10_max": -0.07098138526281575,
        "nauc_precision_at_10_std": -0.07098138526281575,
        "nauc_precision_at_1_diff1": NaN,
        "nauc_precision_at_1_max": NaN,
        "nauc_precision_at_1_std": NaN,
        "nauc_precision_at_20_diff1": -0.07098138526281575,
        "nauc_precision_at_20_max": -0.07098138526281575,
        "nauc_precision_at_20_std": -0.07098138526281575,
        "nauc_precision_at_3_diff1": NaN,
        "nauc_precision_at_3_max": NaN,
        "nauc_precision_at_3_std": NaN,
        "nauc_precision_at_5_diff1": NaN,
        "nauc_precision_at_5_max": NaN,
        "nauc_precision_at_5_std": NaN,
        "nauc_recall_at_1000_diff1": 0.019177979963494837,
        "nauc_recall_at_1000_max": 0.019177979963494837,
        "nauc_recall_at_1000_std": 0.019177979963494837,
        "nauc_recall_at_100_diff1": -0.07098138526281571,
        "nauc_recall_at_100_max": -0.07098138526281571,
        "nauc_recall_at_100_std": -0.07098138526281571,
        "nauc_recall_at_10_diff1": -0.07098138526281575,
        "nauc_recall_at_10_max": -0.07098138526281575,
        "nauc_recall_at_10_std": -0.07098138526281575,
        "nauc_recall_at_1_diff1": NaN,
        "nauc_recall_at_1_max": NaN,
        "nauc_recall_at_1_std": NaN,
        "nauc_recall_at_20_diff1": -0.07098138526281575,
        "nauc_recall_at_20_max": -0.07098138526281575,
        "nauc_recall_at_20_std": -0.07098138526281575,
        "nauc_recall_at_3_diff1": NaN,
        "nauc_recall_at_3_max": NaN,
        "nauc_recall_at_3_std": NaN,
        "nauc_recall_at_5_diff1": NaN,
        "nauc_recall_at_5_max": NaN,
        "nauc_recall_at_5_std": NaN,
        "ndcg_at_1": 0.0,
        "ndcg_at_10": 0.0002,
        "ndcg_at_100": 0.00049,
        "ndcg_at_1000": 0.00214,
        "ndcg_at_20": 0.0002,
        "ndcg_at_3": 0.0,
        "ndcg_at_5": 0.0,
        "precision_at_1": 0.0,
        "precision_at_10": 0.00018,
        "precision_at_100": 4e-05,
        "precision_at_1000": 2e-05,
        "precision_at_20": 9e-05,
        "precision_at_3": 0.0,
        "precision_at_5": 0.0,
        "recall_at_1": 0.0,
        "recall_at_10": 0.00037,
        "recall_at_100": 0.00222,
        "recall_at_1000": 0.0158,
        "recall_at_20": 0.00037,
        "recall_at_3": 0.0,
        "recall_at_5": 0.0
      }
    ]
  },
  "task_name": "CQADupstackWordpressRetrieval"
}