{
  "dataset_revision": "6184bc1440d2dbc7612be22b50686b8826d22b32",
  "evaluation_time": 3.1074492931365967,
  "kg_co2_emissions": null,
  "mteb_version": "1.18.6",
  "scores": {
    "test": [
      {
        "hf_subset": "default",
        "languages": [
          "eng-Latn"
        ],
        "main_score": 0.0,
        "map_at_1": 0.0,
        "map_at_10": 0.0,
        "map_at_100": 4e-05,
        "map_at_1000": 0.0001,
        "map_at_20": 0.0,
        "map_at_3": 0.0,
        "map_at_5": 0.0,
        "mrr_at_1": 0.0,
        "mrr_at_10": 0.0,
        "mrr_at_100": 5.961075234498514e-05,
        "mrr_at_1000": 0.00015449923758479588,
        "mrr_at_20": 0.0,
        "mrr_at_3": 0.0,
        "mrr_at_5": 0.0,
        "nauc_map_at_1000_diff1": 0.10510250498405792,
        "nauc_map_at_1000_max": 0.10510250498405792,
        "nauc_map_at_1000_std": 0.10510250498405792,
        "nauc_map_at_100_diff1": 0.41737713399388626,
        "nauc_map_at_100_max": 0.41737713399388626,
        "nauc_map_at_100_std": 0.41737713399388626,
        "nauc_map_at_10_diff1": NaN,
        "nauc_map_at_10_max": NaN,
        "nauc_map_at_10_std": NaN,
        "nauc_map_at_1_diff1": NaN,
        "nauc_map_at_1_max": NaN,
        "nauc_map_at_1_std": NaN,
        "nauc_map_at_20_diff1": NaN,
        "nauc_map_at_20_max": NaN,
        "nauc_map_at_20_std": NaN,
        "nauc_map_at_3_diff1": NaN,
        "nauc_map_at_3_max": NaN,
        "nauc_map_at_3_std": NaN,
        "nauc_map_at_5_diff1": NaN,
        "nauc_map_at_5_max": NaN,
        "nauc_map_at_5_std": NaN,
        "nauc_mrr_at_1000_diff1": 0.01673635933033805,
        "nauc_mrr_at_1000_max": 0.01673635933033805,
        "nauc_mrr_at_1000_std": 0.01673635933033805,
        "nauc_mrr_at_100_diff1": -0.019633997219129676,
        "nauc_mrr_at_100_max": -0.019633997219129676,
        "nauc_mrr_at_100_std": -0.019633997219129676,
        "nauc_mrr_at_10_diff1": NaN,
        "nauc_mrr_at_10_max": NaN,
        "nauc_mrr_at_10_std": NaN,
        "nauc_mrr_at_1_diff1": NaN,
        "nauc_mrr_at_1_max": NaN,
        "nauc_mrr_at_1_std": NaN,
        "nauc_mrr_at_20_diff1": NaN,
        "nauc_mrr_at_20_max": NaN,
        "nauc_mrr_at_20_std": NaN,
        "nauc_mrr_at_3_diff1": NaN,
        "nauc_mrr_at_3_max": NaN,
        "nauc_mrr_at_3_std": NaN,
        "nauc_mrr_at_5_diff1": NaN,
        "nauc_mrr_at_5_max": NaN,
        "nauc_mrr_at_5_std": NaN,
        "nauc_ndcg_at_1000_diff1": -0.014815581760958436,
        "nauc_ndcg_at_1000_max": -0.014815581760958436,
        "nauc_ndcg_at_1000_std": -0.014815581760958436,
        "nauc_ndcg_at_100_diff1": 0.45743085552765617,
        "nauc_ndcg_at_100_max": 0.45743085552765617,
        "nauc_ndcg_at_100_std": 0.45743085552765617,
        "nauc_ndcg_at_10_diff1": NaN,
        "nauc_ndcg_at_10_max": NaN,
        "nauc_ndcg_at_10_std": NaN,
        "nauc_ndcg_at_1_diff1": NaN,
        "nauc_ndcg_at_1_max": NaN,
        "nauc_ndcg_at_1_std": NaN,
        "nauc_ndcg_at_20_diff1": NaN,
        "nauc_ndcg_at_20_max": NaN,
        "nauc_ndcg_at_20_std": NaN,
        "nauc_ndcg_at_3_diff1": NaN,
        "nauc_ndcg_at_3_max": NaN,
        "nauc_ndcg_at_3_std": NaN,
        "nauc_ndcg_at_5_diff1": NaN,
        "nauc_ndcg_at_5_max": NaN,
        "nauc_ndcg_at_5_std": NaN,
        "nauc_precision_at_1000_diff1": 0.010731784348233379,
        "nauc_precision_at_1000_max": 0.010731784348233379,
        "nauc_precision_at_1000_std": 0.010731784348233379,
        "nauc_precision_at_100_diff1": 0.36200731828928057,
        "nauc_precision_at_100_max": 0.36200731828928057,
        "nauc_precision_at_100_std": 0.36200731828928057,
        "nauc_precision_at_10_diff1": NaN,
        "nauc_precision_at_10_max": NaN,
        "nauc_precision_at_10_std": NaN,
        "nauc_precision_at_1_diff1": NaN,
        "nauc_precision_at_1_max": NaN,
        "nauc_precision_at_1_std": NaN,
        "nauc_precision_at_20_diff1": NaN,
        "nauc_precision_at_20_max": NaN,
        "nauc_precision_at_20_std": NaN,
        "nauc_precision_at_3_diff1": NaN,
        "nauc_precision_at_3_max": NaN,
        "nauc_precision_at_3_std": NaN,
        "nauc_precision_at_5_diff1": NaN,
        "nauc_precision_at_5_max": NaN,
        "nauc_precision_at_5_std": NaN,
        "nauc_recall_at_1000_diff1": -0.04000614226936728,
        "nauc_recall_at_1000_max": -0.04000614226936728,
        "nauc_recall_at_1000_std": -0.04000614226936728,
        "nauc_recall_at_100_diff1": 0.4875660352941486,
        "nauc_recall_at_100_max": 0.4875660352941486,
        "nauc_recall_at_100_std": 0.4875660352941486,
        "nauc_recall_at_10_diff1": NaN,
        "nauc_recall_at_10_max": NaN,
        "nauc_recall_at_10_std": NaN,
        "nauc_recall_at_1_diff1": NaN,
        "nauc_recall_at_1_max": NaN,
        "nauc_recall_at_1_std": NaN,
        "nauc_recall_at_20_diff1": NaN,
        "nauc_recall_at_20_max": NaN,
        "nauc_recall_at_20_std": NaN,
        "nauc_recall_at_3_diff1": NaN,
        "nauc_recall_at_3_max": NaN,
        "nauc_recall_at_3_std": NaN,
        "nauc_recall_at_5_diff1": NaN,
        "nauc_recall_at_5_max": NaN,
        "nauc_recall_at_5_std": NaN,
        "ndcg_at_1": 0.0,
        "ndcg_at_10": 0.0,
        "ndcg_at_100": 0.00041,
        "ndcg_at_1000": 0.00314,
        "ndcg_at_20": 0.0,
        "ndcg_at_3": 0.0,
        "ndcg_at_5": 0.0,
        "precision_at_1": 0.0,
        "precision_at_10": 0.0,
        "precision_at_100": 3e-05,
        "precision_at_1000": 4e-05,
        "precision_at_20": 0.0,
        "precision_at_3": 0.0,
        "precision_at_5": 0.0,
        "recall_at_1": 0.0,
        "recall_at_10": 0.0,
        "recall_at_100": 0.00232,
        "recall_at_1000": 0.02441,
        "recall_at_20": 0.0,
        "recall_at_3": 0.0,
        "recall_at_5": 0.0
      }
    ]
  },
  "task_name": "CQADupstackProgrammersRetrieval"
}