{
  "dataset_revision": "46989137a86843e03a6195de44b09deda022eec7",
  "evaluation_time": 11.02381682395935,
  "kg_co2_emissions": null,
  "mteb_version": "1.18.6",
  "scores": {
    "test": [
      {
        "hf_subset": "default",
        "languages": [
          "eng-Latn"
        ],
        "main_score": 0.00034,
        "map_at_1": 0.00034,
        "map_at_10": 0.00034,
        "map_at_100": 0.00039,
        "map_at_1000": 0.00043,
        "map_at_20": 0.00036,
        "map_at_3": 0.00034,
        "map_at_5": 0.00034,
        "mrr_at_1": 0.0,
        "mrr_at_10": 8.602890571231934e-05,
        "mrr_at_100": 0.00019766363513921316,
        "mrr_at_1000": 0.00023434311534867384,
        "mrr_at_20": 0.0001266536667431368,
        "mrr_at_3": 0.0,
        "mrr_at_5": 8.602890571231934e-05,
        "nauc_map_at_1000_diff1": -0.16049791399865132,
        "nauc_map_at_1000_max": -0.16049791399865132,
        "nauc_map_at_1000_std": -0.16049791399865132,
        "nauc_map_at_100_diff1": -0.16651072595377686,
        "nauc_map_at_100_max": -0.16651072595377686,
        "nauc_map_at_100_std": -0.16651072595377686,
        "nauc_map_at_10_diff1": -0.20588054732544864,
        "nauc_map_at_10_max": -0.20588054732544864,
        "nauc_map_at_10_std": -0.20588054732544864,
        "nauc_map_at_1_diff1": -0.20588054732544864,
        "nauc_map_at_1_max": -0.20588054732544864,
        "nauc_map_at_1_std": -0.20588054732544864,
        "nauc_map_at_20_diff1": -0.21987494682332295,
        "nauc_map_at_20_max": -0.21987494682332295,
        "nauc_map_at_20_std": -0.21987494682332295,
        "nauc_map_at_3_diff1": -0.20588054732544864,
        "nauc_map_at_3_max": -0.20588054732544864,
        "nauc_map_at_3_std": -0.20588054732544864,
        "nauc_map_at_5_diff1": -0.20588054732544864,
        "nauc_map_at_5_max": -0.20588054732544864,
        "nauc_map_at_5_std": -0.20588054732544864,
        "nauc_mrr_at_1000_diff1": -0.25506448902702294,
        "nauc_mrr_at_1000_max": -0.25506448902702294,
        "nauc_mrr_at_1000_std": -0.25506448902702294,
        "nauc_mrr_at_100_diff1": -0.28696650979876503,
        "nauc_mrr_at_100_max": -0.28696650979876503,
        "nauc_mrr_at_100_std": -0.28696650979876503,
        "nauc_mrr_at_10_diff1": -0.4997629367808102,
        "nauc_mrr_at_10_max": -0.4997629367808102,
        "nauc_mrr_at_10_std": -0.4997629367808102,
        "nauc_mrr_at_1_diff1": NaN,
        "nauc_mrr_at_1_max": NaN,
        "nauc_mrr_at_1_std": NaN,
        "nauc_mrr_at_20_diff1": -0.37868537945294567,
        "nauc_mrr_at_20_max": -0.37868537945294567,
        "nauc_mrr_at_20_std": -0.37868537945294567,
        "nauc_mrr_at_3_diff1": NaN,
        "nauc_mrr_at_3_max": NaN,
        "nauc_mrr_at_3_std": NaN,
        "nauc_mrr_at_5_diff1": -0.4997629367808102,
        "nauc_mrr_at_5_max": -0.4997629367808102,
        "nauc_mrr_at_5_std": -0.4997629367808102,
        "nauc_ndcg_at_1000_diff1": -0.08762002690469939,
        "nauc_ndcg_at_1000_max": -0.08762002690469939,
        "nauc_ndcg_at_1000_std": -0.08762002690469939,
        "nauc_ndcg_at_100_diff1": 0.03030574882550895,
        "nauc_ndcg_at_100_max": 0.03030574882550895,
        "nauc_ndcg_at_100_std": 0.03030574882550895,
        "nauc_ndcg_at_10_diff1": -0.20588054732544864,
        "nauc_ndcg_at_10_max": -0.20588054732544864,
        "nauc_ndcg_at_10_std": -0.20588054732544864,
        "nauc_ndcg_at_1_diff1": -0.20588054732544864,
        "nauc_ndcg_at_1_max": -0.20588054732544864,
        "nauc_ndcg_at_1_std": -0.20588054732544864,
        "nauc_ndcg_at_20_diff1": -0.26038074944892065,
        "nauc_ndcg_at_20_max": -0.26038074944892065,
        "nauc_ndcg_at_20_std": -0.26038074944892065,
        "nauc_ndcg_at_3_diff1": -0.20588054732544864,
        "nauc_ndcg_at_3_max": -0.20588054732544864,
        "nauc_ndcg_at_3_std": -0.20588054732544864,
        "nauc_ndcg_at_5_diff1": -0.20588054732544864,
        "nauc_ndcg_at_5_max": -0.20588054732544864,
        "nauc_ndcg_at_5_std": -0.20588054732544864,
        "nauc_precision_at_1000_diff1": -0.05386129484504607,
        "nauc_precision_at_1000_max": -0.05386129484504607,
        "nauc_precision_at_1000_std": -0.05386129484504607,
        "nauc_precision_at_100_diff1": 0.23983624859143254,
        "nauc_precision_at_100_max": 0.23983624859143254,
        "nauc_precision_at_100_std": 0.23983624859143254,
        "nauc_precision_at_10_diff1": -0.20588054732544872,
        "nauc_precision_at_10_max": -0.20588054732544872,
        "nauc_precision_at_10_std": -0.20588054732544872,
        "nauc_precision_at_1_diff1": -0.20588054732544864,
        "nauc_precision_at_1_max": -0.20588054732544864,
        "nauc_precision_at_1_std": -0.20588054732544864,
        "nauc_precision_at_20_diff1": -0.35282174205312955,
        "nauc_precision_at_20_max": -0.35282174205312955,
        "nauc_precision_at_20_std": -0.35282174205312955,
        "nauc_precision_at_3_diff1": -0.20588054732544875,
        "nauc_precision_at_3_max": -0.20588054732544875,
        "nauc_precision_at_3_std": -0.20588054732544875,
        "nauc_precision_at_5_diff1": -0.20588054732544872,
        "nauc_precision_at_5_max": -0.20588054732544872,
        "nauc_precision_at_5_std": -0.20588054732544872,
        "nauc_recall_at_1000_diff1": -0.11034835254213632,
        "nauc_recall_at_1000_max": -0.11034835254213632,
        "nauc_recall_at_1000_std": -0.11034835254213632,
        "nauc_recall_at_100_diff1": 0.19030153980305436,
        "nauc_recall_at_100_max": 0.19030153980305436,
        "nauc_recall_at_100_std": 0.19030153980305436,
        "nauc_recall_at_10_diff1": -0.20588054732544864,
        "nauc_recall_at_10_max": -0.20588054732544864,
        "nauc_recall_at_10_std": -0.20588054732544864,
        "nauc_recall_at_1_diff1": -0.20588054732544864,
        "nauc_recall_at_1_max": -0.20588054732544864,
        "nauc_recall_at_1_std": -0.20588054732544864,
        "nauc_recall_at_20_diff1": -0.35282174205312944,
        "nauc_recall_at_20_max": -0.35282174205312944,
        "nauc_recall_at_20_std": -0.35282174205312944,
        "nauc_recall_at_3_diff1": -0.20588054732544864,
        "nauc_recall_at_3_max": -0.20588054732544864,
        "nauc_recall_at_3_std": -0.20588054732544864,
        "nauc_recall_at_5_diff1": -0.20588054732544864,
        "nauc_recall_at_5_max": -0.20588054732544864,
        "nauc_recall_at_5_std": -0.20588054732544864,
        "ndcg_at_1": 0.00034,
        "ndcg_at_10": 0.00034,
        "ndcg_at_100": 0.00073,
        "ndcg_at_1000": 0.00221,
        "ndcg_at_20": 0.00042,
        "ndcg_at_3": 0.00034,
        "ndcg_at_5": 0.00034,
        "precision_at_1": 0.00034,
        "precision_at_10": 3e-05,
        "precision_at_100": 3e-05,
        "precision_at_1000": 2e-05,
        "precision_at_20": 3e-05,
        "precision_at_3": 0.00011,
        "precision_at_5": 7e-05,
        "recall_at_1": 0.00034,
        "recall_at_10": 0.00034,
        "recall_at_100": 0.00237,
        "recall_at_1000": 0.01437,
        "recall_at_20": 0.00069,
        "recall_at_3": 0.00034,
        "recall_at_5": 0.00034
      }
    ]
  },
  "task_name": "CQADupstackTexRetrieval"
}