{
  "dataset_revision": "f46a197baaae43b4f621051089b82a364682dfeb",
  "evaluation_time": 1.9323410987854004,
  "kg_co2_emissions": null,
  "mteb_version": "1.18.6",
  "scores": {
    "test": [
      {
        "hf_subset": "default",
        "languages": [
          "eng-Latn"
        ],
        "main_score": 0.0,
        "map_at_1": 0.0,
        "map_at_10": 0.0,
        "map_at_100": 0.0002,
        "map_at_1000": 0.00028,
        "map_at_20": 9e-05,
        "map_at_3": 0.0,
        "map_at_5": 0.0,
        "mrr_at_1": 0.0,
        "mrr_at_10": 0.0,
        "mrr_at_100": 0.00033384389502614614,
        "mrr_at_1000": 0.0004893835212328552,
        "mrr_at_20": 0.00013005592404734037,
        "mrr_at_3": 0.0,
        "mrr_at_5": 0.0,
        "nauc_map_at_1000_diff1": 0.2600160902777896,
        "nauc_map_at_1000_max": 0.2600160902777896,
        "nauc_map_at_1000_std": 0.2600160902777896,
        "nauc_map_at_100_diff1": 0.31632993911981466,
        "nauc_map_at_100_max": 0.31632993911981466,
        "nauc_map_at_100_std": 0.31632993911981466,
        "nauc_map_at_10_diff1": NaN,
        "nauc_map_at_10_max": NaN,
        "nauc_map_at_10_std": NaN,
        "nauc_map_at_1_diff1": NaN,
        "nauc_map_at_1_max": NaN,
        "nauc_map_at_1_std": NaN,
        "nauc_map_at_20_diff1": 0.774685786573405,
        "nauc_map_at_20_max": 0.774685786573405,
        "nauc_map_at_20_std": 0.774685786573405,
        "nauc_map_at_3_diff1": NaN,
        "nauc_map_at_3_max": NaN,
        "nauc_map_at_3_std": NaN,
        "nauc_map_at_5_diff1": NaN,
        "nauc_map_at_5_max": NaN,
        "nauc_map_at_5_std": NaN,
        "nauc_mrr_at_1000_diff1": 0.0898443863267454,
        "nauc_mrr_at_1000_max": 0.0898443863267454,
        "nauc_mrr_at_1000_std": 0.0898443863267454,
        "nauc_mrr_at_100_diff1": 0.09961567636450369,
        "nauc_mrr_at_100_max": 0.09961567636450369,
        "nauc_mrr_at_100_std": 0.09961567636450369,
        "nauc_mrr_at_10_diff1": NaN,
        "nauc_mrr_at_10_max": NaN,
        "nauc_mrr_at_10_std": NaN,
        "nauc_mrr_at_1_diff1": NaN,
        "nauc_mrr_at_1_max": NaN,
        "nauc_mrr_at_1_std": NaN,
        "nauc_mrr_at_20_diff1": 0.32405735972021527,
        "nauc_mrr_at_20_max": 0.32405735972021527,
        "nauc_mrr_at_20_std": 0.32405735972021527,
        "nauc_mrr_at_3_diff1": NaN,
        "nauc_mrr_at_3_max": NaN,
        "nauc_mrr_at_3_std": NaN,
        "nauc_mrr_at_5_diff1": NaN,
        "nauc_mrr_at_5_max": NaN,
        "nauc_mrr_at_5_std": NaN,
        "nauc_ndcg_at_1000_diff1": 0.10004421021929372,
        "nauc_ndcg_at_1000_max": 0.10004421021929372,
        "nauc_ndcg_at_1000_std": 0.10004421021929372,
        "nauc_ndcg_at_100_diff1": 0.2872055510224812,
        "nauc_ndcg_at_100_max": 0.2872055510224812,
        "nauc_ndcg_at_100_std": 0.2872055510224812,
        "nauc_ndcg_at_10_diff1": NaN,
        "nauc_ndcg_at_10_max": NaN,
        "nauc_ndcg_at_10_std": NaN,
        "nauc_ndcg_at_1_diff1": NaN,
        "nauc_ndcg_at_1_max": NaN,
        "nauc_ndcg_at_1_std": NaN,
        "nauc_ndcg_at_20_diff1": 0.7095761680387161,
        "nauc_ndcg_at_20_max": 0.7095761680387161,
        "nauc_ndcg_at_20_std": 0.7095761680387161,
        "nauc_ndcg_at_3_diff1": NaN,
        "nauc_ndcg_at_3_max": NaN,
        "nauc_ndcg_at_3_std": NaN,
        "nauc_ndcg_at_5_diff1": NaN,
        "nauc_ndcg_at_5_max": NaN,
        "nauc_ndcg_at_5_std": NaN,
        "nauc_precision_at_1000_diff1": 0.1279901341194833,
        "nauc_precision_at_1000_max": 0.1279901341194833,
        "nauc_precision_at_1000_std": 0.1279901341194833,
        "nauc_precision_at_100_diff1": 0.21398521801899834,
        "nauc_precision_at_100_max": 0.21398521801899834,
        "nauc_precision_at_100_std": 0.21398521801899834,
        "nauc_precision_at_10_diff1": NaN,
        "nauc_precision_at_10_max": NaN,
        "nauc_precision_at_10_std": NaN,
        "nauc_precision_at_1_diff1": NaN,
        "nauc_precision_at_1_max": NaN,
        "nauc_precision_at_1_std": NaN,
        "nauc_precision_at_20_diff1": 0.46487874311183713,
        "nauc_precision_at_20_max": 0.46487874311183713,
        "nauc_precision_at_20_std": 0.46487874311183713,
        "nauc_precision_at_3_diff1": NaN,
        "nauc_precision_at_3_max": NaN,
        "nauc_precision_at_3_std": NaN,
        "nauc_precision_at_5_diff1": NaN,
        "nauc_precision_at_5_max": NaN,
        "nauc_precision_at_5_std": NaN,
        "nauc_recall_at_1000_diff1": 0.03723707750313014,
        "nauc_recall_at_1000_max": 0.03723707750313014,
        "nauc_recall_at_1000_std": 0.03723707750313014,
        "nauc_recall_at_100_diff1": 0.29931058472222183,
        "nauc_recall_at_100_max": 0.29931058472222183,
        "nauc_recall_at_100_std": 0.29931058472222183,
        "nauc_recall_at_10_diff1": NaN,
        "nauc_recall_at_10_max": NaN,
        "nauc_recall_at_10_std": NaN,
        "nauc_recall_at_1_diff1": NaN,
        "nauc_recall_at_1_max": NaN,
        "nauc_recall_at_1_std": NaN,
        "nauc_recall_at_20_diff1": 0.8216262477039457,
        "nauc_recall_at_20_max": 0.8216262477039457,
        "nauc_recall_at_20_std": 0.8216262477039457,
        "nauc_recall_at_3_diff1": NaN,
        "nauc_recall_at_3_max": NaN,
        "nauc_recall_at_3_std": NaN,
        "nauc_recall_at_5_diff1": NaN,
        "nauc_recall_at_5_max": NaN,
        "nauc_recall_at_5_std": NaN,
        "ndcg_at_1": 0.0,
        "ndcg_at_10": 0.0,
        "ndcg_at_100": 0.0014,
        "ndcg_at_1000": 0.00581,
        "ndcg_at_20": 0.00045,
        "ndcg_at_3": 0.0,
        "ndcg_at_5": 0.0,
        "precision_at_1": 0.0,
        "precision_at_10": 0.0,
        "precision_at_100": 0.00014,
        "precision_at_1000": 9e-05,
        "precision_at_20": 0.00014,
        "precision_at_3": 0.0,
        "precision_at_5": 0.0,
        "recall_at_1": 0.0,
        "recall_at_10": 0.0,
        "recall_at_100": 0.00647,
        "recall_at_1000": 0.04144,
        "recall_at_20": 0.00172,
        "recall_at_3": 0.0,
        "recall_at_5": 0.0
      }
    ]
  },
  "task_name": "CQADupstackAndroidRetrieval"
}