{
  "dataset_revision": "27a168819829fe9bcd655c2df245fb19452e8e06",
  "evaluation_time": 4.520125150680542,
  "kg_co2_emissions": null,
  "mteb_version": "1.18.6",
  "scores": {
    "test": [
      {
        "hf_subset": "default",
        "languages": [
          "eng-Latn"
        ],
        "main_score": 0.0,
        "map_at_1": 0.0,
        "map_at_10": 0.0,
        "map_at_100": 1e-05,
        "map_at_1000": 6e-05,
        "map_at_20": 0.0,
        "map_at_3": 0.0,
        "map_at_5": 0.0,
        "mrr_at_1": 0.0,
        "mrr_at_10": 0.0,
        "mrr_at_100": 9.387860082304527e-05,
        "mrr_at_1000": 0.00020367670758001603,
        "mrr_at_20": 0.0,
        "mrr_at_3": 0.0,
        "mrr_at_5": 0.0,
        "nauc_map_at_1000_diff1": -0.08956697011961927,
        "nauc_map_at_1000_max": -0.08956697011961927,
        "nauc_map_at_1000_std": -0.08956697011961927,
        "nauc_map_at_100_diff1": -0.5756098192280422,
        "nauc_map_at_100_max": -0.5756098192280422,
        "nauc_map_at_100_std": -0.5756098192280422,
        "nauc_map_at_10_diff1": NaN,
        "nauc_map_at_10_max": NaN,
        "nauc_map_at_10_std": NaN,
        "nauc_map_at_1_diff1": NaN,
        "nauc_map_at_1_max": NaN,
        "nauc_map_at_1_std": NaN,
        "nauc_map_at_20_diff1": NaN,
        "nauc_map_at_20_max": NaN,
        "nauc_map_at_20_std": NaN,
        "nauc_map_at_3_diff1": NaN,
        "nauc_map_at_3_max": NaN,
        "nauc_map_at_3_std": NaN,
        "nauc_map_at_5_diff1": NaN,
        "nauc_map_at_5_max": NaN,
        "nauc_map_at_5_std": NaN,
        "nauc_mrr_at_1000_diff1": -0.10021782113347273,
        "nauc_mrr_at_1000_max": -0.10021782113347273,
        "nauc_mrr_at_1000_std": -0.10021782113347273,
        "nauc_mrr_at_100_diff1": -0.10212558169708,
        "nauc_mrr_at_100_max": -0.10212558169708,
        "nauc_mrr_at_100_std": -0.10212558169708,
        "nauc_mrr_at_10_diff1": NaN,
        "nauc_mrr_at_10_max": NaN,
        "nauc_mrr_at_10_std": NaN,
        "nauc_mrr_at_1_diff1": NaN,
        "nauc_mrr_at_1_max": NaN,
        "nauc_mrr_at_1_std": NaN,
        "nauc_mrr_at_20_diff1": NaN,
        "nauc_mrr_at_20_max": NaN,
        "nauc_mrr_at_20_std": NaN,
        "nauc_mrr_at_3_diff1": NaN,
        "nauc_mrr_at_3_max": NaN,
        "nauc_mrr_at_3_std": NaN,
        "nauc_mrr_at_5_diff1": NaN,
        "nauc_mrr_at_5_max": NaN,
        "nauc_mrr_at_5_std": NaN,
        "nauc_ndcg_at_1000_diff1": -0.06986666357559225,
        "nauc_ndcg_at_1000_max": -0.06986666357559225,
        "nauc_ndcg_at_1000_std": -0.06986666357559225,
        "nauc_ndcg_at_100_diff1": -0.575609819228042,
        "nauc_ndcg_at_100_max": -0.575609819228042,
        "nauc_ndcg_at_100_std": -0.575609819228042,
        "nauc_ndcg_at_10_diff1": NaN,
        "nauc_ndcg_at_10_max": NaN,
        "nauc_ndcg_at_10_std": NaN,
        "nauc_ndcg_at_1_diff1": NaN,
        "nauc_ndcg_at_1_max": NaN,
        "nauc_ndcg_at_1_std": NaN,
        "nauc_ndcg_at_20_diff1": NaN,
        "nauc_ndcg_at_20_max": NaN,
        "nauc_ndcg_at_20_std": NaN,
        "nauc_ndcg_at_3_diff1": NaN,
        "nauc_ndcg_at_3_max": NaN,
        "nauc_ndcg_at_3_std": NaN,
        "nauc_ndcg_at_5_diff1": NaN,
        "nauc_ndcg_at_5_max": NaN,
        "nauc_ndcg_at_5_std": NaN,
        "nauc_precision_at_1000_diff1": -0.06032758041080968,
        "nauc_precision_at_1000_max": -0.06032758041080968,
        "nauc_precision_at_1000_std": -0.06032758041080968,
        "nauc_precision_at_100_diff1": -0.5756098192280421,
        "nauc_precision_at_100_max": -0.5756098192280421,
        "nauc_precision_at_100_std": -0.5756098192280421,
        "nauc_precision_at_10_diff1": NaN,
        "nauc_precision_at_10_max": NaN,
        "nauc_precision_at_10_std": NaN,
        "nauc_precision_at_1_diff1": NaN,
        "nauc_precision_at_1_max": NaN,
        "nauc_precision_at_1_std": NaN,
        "nauc_precision_at_20_diff1": NaN,
        "nauc_precision_at_20_max": NaN,
        "nauc_precision_at_20_std": NaN,
        "nauc_precision_at_3_diff1": NaN,
        "nauc_precision_at_3_max": NaN,
        "nauc_precision_at_3_std": NaN,
        "nauc_precision_at_5_diff1": NaN,
        "nauc_precision_at_5_max": NaN,
        "nauc_precision_at_5_std": NaN,
        "nauc_recall_at_1000_diff1": -0.07464650275198963,
        "nauc_recall_at_1000_max": -0.07464650275198963,
        "nauc_recall_at_1000_std": -0.07464650275198963,
        "nauc_recall_at_100_diff1": -0.5756098192280419,
        "nauc_recall_at_100_max": -0.5756098192280419,
        "nauc_recall_at_100_std": -0.5756098192280419,
        "nauc_recall_at_10_diff1": NaN,
        "nauc_recall_at_10_max": NaN,
        "nauc_recall_at_10_std": NaN,
        "nauc_recall_at_1_diff1": NaN,
        "nauc_recall_at_1_max": NaN,
        "nauc_recall_at_1_std": NaN,
        "nauc_recall_at_20_diff1": NaN,
        "nauc_recall_at_20_max": NaN,
        "nauc_recall_at_20_std": NaN,
        "nauc_recall_at_3_diff1": NaN,
        "nauc_recall_at_3_max": NaN,
        "nauc_recall_at_3_std": NaN,
        "nauc_recall_at_5_diff1": NaN,
        "nauc_recall_at_5_max": NaN,
        "nauc_recall_at_5_std": NaN,
        "ndcg_at_1": 0.0,
        "ndcg_at_10": 0.0,
        "ndcg_at_100": 0.00012,
        "ndcg_at_1000": 0.00292,
        "ndcg_at_20": 0.0,
        "ndcg_at_3": 0.0,
        "ndcg_at_5": 0.0,
        "precision_at_1": 0.0,
        "precision_at_10": 0.0,
        "precision_at_100": 2e-05,
        "precision_at_1000": 5e-05,
        "precision_at_20": 0.0,
        "precision_at_3": 0.0,
        "precision_at_5": 0.0,
        "recall_at_1": 0.0,
        "recall_at_10": 0.0,
        "recall_at_100": 0.00051,
        "recall_at_1000": 0.02009,
        "recall_at_20": 0.0,
        "recall_at_3": 0.0,
        "recall_at_5": 0.0
      }
    ]
  },
  "task_name": "FiQA2018"
}