{
  "dataset_revision": "59042f120c80e8afa9cdbb224f67076cec0fc9a7",
  "evaluation_time": 4694.514515399933,
  "kg_co2_emissions": null,
  "mteb_version": "1.18.6",
  "scores": {
    "test": [
      {
        "hf_subset": "default",
        "languages": [
          "eng-Latn"
        ],
        "main_score": 0.09997508146665307,
        "map": 0.09997508146665307,
        "mrr": 0.38989540161831454,
        "nAUC_map_diff1": -0.0005451047211794668,
        "nAUC_map_max": -0.0005451047211794668,
        "nAUC_map_std": -0.0005451047211794668,
        "nAUC_mrr_diff1": 0.0024227150990886338,
        "nAUC_mrr_max": 0.0024227150990886338,
        "nAUC_mrr_std": 0.0024227150990886338
      }
    ]
  },
  "task_name": "MindSmallReranking"
}