{
  "dataset_revision": "ec0fa4fe99da2ff19ca1214b7966684033a58814",
  "evaluation_time": 2.2663557529449463,
  "kg_co2_emissions": null,
  "mteb_version": "1.18.6",
  "scores": {
    "test": [
      {
        "hf_subset": "default",
        "languages": [
          "eng-Latn"
        ],
        "main_score": 0.00767,
        "map_at_1": 0.00015,
        "map_at_10": 0.00116,
        "map_at_100": 0.00328,
        "map_at_1000": 0.01182,
        "map_at_20": 0.00137,
        "map_at_3": 0.00044,
        "map_at_5": 0.00074,
        "mrr_at_1": 0.0,
        "mrr_at_10": 0.008952528379772963,
        "mrr_at_100": 0.015725274227953136,
        "mrr_at_1000": 0.016659570690291777,
        "mrr_at_20": 0.013381037607043797,
        "mrr_at_3": 0.0015479876160990713,
        "mrr_at_5": 0.0023219814241486067,
        "nauc_map_at_1000_diff1": 0.02305735529293675,
        "nauc_map_at_1000_max": 0.02305735529293675,
        "nauc_map_at_1000_std": 0.02305735529293675,
        "nauc_map_at_100_diff1": -0.021957268938383276,
        "nauc_map_at_100_max": -0.021957268938383276,
        "nauc_map_at_100_std": -0.021957268938383276,
        "nauc_map_at_10_diff1": -0.026670604980207912,
        "nauc_map_at_10_max": -0.026670604980207912,
        "nauc_map_at_10_std": -0.026670604980207912,
        "nauc_map_at_1_diff1": -0.0795091725847867,
        "nauc_map_at_1_max": -0.0795091725847867,
        "nauc_map_at_1_std": -0.0795091725847867,
        "nauc_map_at_20_diff1": 0.04442794276570382,
        "nauc_map_at_20_max": 0.04442794276570382,
        "nauc_map_at_20_std": 0.04442794276570382,
        "nauc_map_at_3_diff1": -0.07950917258478675,
        "nauc_map_at_3_max": -0.07950917258478675,
        "nauc_map_at_3_std": -0.07950917258478675,
        "nauc_map_at_5_diff1": -0.0741787273828162,
        "nauc_map_at_5_max": -0.0741787273828162,
        "nauc_map_at_5_std": -0.0741787273828162,
        "nauc_mrr_at_1000_diff1": 0.061465963438967854,
        "nauc_mrr_at_1000_max": 0.061465963438967854,
        "nauc_mrr_at_1000_std": 0.061465963438967854,
        "nauc_mrr_at_100_diff1": 0.0633794645288352,
        "nauc_mrr_at_100_max": 0.0633794645288352,
        "nauc_mrr_at_100_std": 0.0633794645288352,
        "nauc_mrr_at_10_diff1": 0.09579024950708888,
        "nauc_mrr_at_10_max": 0.09579024950708888,
        "nauc_mrr_at_10_std": 0.09579024950708888,
        "nauc_mrr_at_1_diff1": NaN,
        "nauc_mrr_at_1_max": NaN,
        "nauc_mrr_at_1_std": NaN,
        "nauc_mrr_at_20_diff1": 0.07638829763829708,
        "nauc_mrr_at_20_max": 0.07638829763829708,
        "nauc_mrr_at_20_std": 0.07638829763829708,
        "nauc_mrr_at_3_diff1": -0.07005961496037776,
        "nauc_mrr_at_3_max": -0.07005961496037776,
        "nauc_mrr_at_3_std": -0.07005961496037776,
        "nauc_mrr_at_5_diff1": -0.23799087615424075,
        "nauc_mrr_at_5_max": -0.23799087615424075,
        "nauc_mrr_at_5_std": -0.23799087615424075,
        "nauc_ndcg_at_1000_diff1": 0.058096721231720175,
        "nauc_ndcg_at_1000_max": 0.058096721231720175,
        "nauc_ndcg_at_1000_std": 0.058096721231720175,
        "nauc_ndcg_at_100_diff1": 0.0367681270660561,
        "nauc_ndcg_at_100_max": 0.0367681270660561,
        "nauc_ndcg_at_100_std": 0.0367681270660561,
        "nauc_ndcg_at_10_diff1": 0.17690475835374206,
        "nauc_ndcg_at_10_max": 0.17690475835374206,
        "nauc_ndcg_at_10_std": 0.17690475835374206,
        "nauc_ndcg_at_1_diff1": -0.0532604014058726,
        "nauc_ndcg_at_1_max": -0.0532604014058726,
        "nauc_ndcg_at_1_std": -0.0532604014058726,
        "nauc_ndcg_at_20_diff1": 0.1271503519861862,
        "nauc_ndcg_at_20_max": 0.1271503519861862,
        "nauc_ndcg_at_20_std": 0.1271503519861862,
        "nauc_ndcg_at_3_diff1": -0.07655012177925113,
        "nauc_ndcg_at_3_max": -0.07655012177925113,
        "nauc_ndcg_at_3_std": -0.07655012177925113,
        "nauc_ndcg_at_5_diff1": 0.020450053904485812,
        "nauc_ndcg_at_5_max": 0.020450053904485812,
        "nauc_ndcg_at_5_std": 0.020450053904485812,
        "nauc_precision_at_1000_diff1": 0.07473768821125036,
        "nauc_precision_at_1000_max": 0.07473768821125036,
        "nauc_precision_at_1000_std": 0.07473768821125036,
        "nauc_precision_at_100_diff1": 0.08862015323360294,
        "nauc_precision_at_100_max": 0.08862015323360294,
        "nauc_precision_at_100_std": 0.08862015323360294,
        "nauc_precision_at_10_diff1": 0.21393319682802558,
        "nauc_precision_at_10_max": 0.21393319682802558,
        "nauc_precision_at_10_std": 0.21393319682802558,
        "nauc_precision_at_1_diff1": -0.0532604014058726,
        "nauc_precision_at_1_max": -0.0532604014058726,
        "nauc_precision_at_1_std": -0.0532604014058726,
        "nauc_precision_at_20_diff1": 0.1379116645891967,
        "nauc_precision_at_20_max": 0.1379116645891967,
        "nauc_precision_at_20_std": 0.1379116645891967,
        "nauc_precision_at_3_diff1": -0.0532604014058726,
        "nauc_precision_at_3_max": -0.0532604014058726,
        "nauc_precision_at_3_std": -0.0532604014058726,
        "nauc_precision_at_5_diff1": 0.0654954229310574,
        "nauc_precision_at_5_max": 0.0654954229310574,
        "nauc_precision_at_5_std": 0.0654954229310574,
        "nauc_recall_at_1000_diff1": 0.04224440684045604,
        "nauc_recall_at_1000_max": 0.04224440684045604,
        "nauc_recall_at_1000_std": 0.04224440684045604,
        "nauc_recall_at_100_diff1": -0.05268738627093199,
        "nauc_recall_at_100_max": -0.05268738627093199,
        "nauc_recall_at_100_std": -0.05268738627093199,
        "nauc_recall_at_10_diff1": 0.045960481356485755,
        "nauc_recall_at_10_max": 0.045960481356485755,
        "nauc_recall_at_10_std": 0.045960481356485755,
        "nauc_recall_at_1_diff1": -0.0795091725847867,
        "nauc_recall_at_1_max": -0.0795091725847867,
        "nauc_recall_at_1_std": -0.0795091725847867,
        "nauc_recall_at_20_diff1": 0.08044905983647231,
        "nauc_recall_at_20_max": 0.08044905983647231,
        "nauc_recall_at_20_std": 0.08044905983647231,
        "nauc_recall_at_3_diff1": -0.07950917258478675,
        "nauc_recall_at_3_max": -0.07950917258478675,
        "nauc_recall_at_3_std": -0.07950917258478675,
        "nauc_recall_at_5_diff1": -0.05360457032257656,
        "nauc_recall_at_5_max": -0.05360457032257656,
        "nauc_recall_at_5_std": -0.05360457032257656,
        "ndcg_at_1": 0.00619,
        "ndcg_at_10": 0.00767,
        "ndcg_at_100": 0.01683,
        "ndcg_at_1000": 0.09669,
        "ndcg_at_20": 0.00961,
        "ndcg_at_3": 0.00537,
        "ndcg_at_5": 0.00621,
        "precision_at_1": 0.00619,
        "precision_at_10": 0.00929,
        "precision_at_100": 0.01248,
        "precision_at_1000": 0.01397,
        "precision_at_20": 0.01068,
        "precision_at_3": 0.00619,
        "precision_at_5": 0.00743,
        "recall_at_1": 0.00015,
        "recall_at_10": 0.00136,
        "recall_at_100": 0.02106,
        "recall_at_1000": 0.24226,
        "recall_at_20": 0.00185,
        "recall_at_3": 0.00044,
        "recall_at_5": 0.00076
      }
    ]
  },
  "task_name": "NFCorpus"
}