{
  "dataset_revision": "e4e08e0b7dbe3c8700f0daef558ff32256715259",
  "evaluation_time": 120.05106353759766,
  "kg_co2_emissions": null,
  "mteb_version": "1.18.6",
  "scores": {
    "test": [
      {
        "hf_subset": "default",
        "languages": [
          "eng-Latn"
        ],
        "main_score": 0.0,
        "map_at_1": 0.0,
        "map_at_10": 0.0,
        "map_at_100": 0.0,
        "map_at_1000": 1e-05,
        "map_at_20": 0.0,
        "map_at_3": 0.0,
        "map_at_5": 0.0,
        "mrr_at_1": 0.0,
        "mrr_at_10": 0.0,
        "mrr_at_100": 9.738015607580824e-06,
        "mrr_at_1000": 1.9456669364246673e-05,
        "mrr_at_20": 5e-06,
        "mrr_at_3": 0.0,
        "mrr_at_5": 0.0,
        "nauc_map_at_1000_diff1": 0.004429482016378278,
        "nauc_map_at_1000_max": 0.004429482016378278,
        "nauc_map_at_1000_std": 0.004429482016378278,
        "nauc_map_at_100_diff1": -0.10292873212111206,
        "nauc_map_at_100_max": -0.10292873212111206,
        "nauc_map_at_100_std": -0.10292873212111206,
        "nauc_map_at_10_diff1": NaN,
        "nauc_map_at_10_max": NaN,
        "nauc_map_at_10_std": NaN,
        "nauc_map_at_1_diff1": NaN,
        "nauc_map_at_1_max": NaN,
        "nauc_map_at_1_std": NaN,
        "nauc_map_at_20_diff1": NaN,
        "nauc_map_at_20_max": NaN,
        "nauc_map_at_20_std": NaN,
        "nauc_map_at_3_diff1": NaN,
        "nauc_map_at_3_max": NaN,
        "nauc_map_at_3_std": NaN,
        "nauc_map_at_5_diff1": NaN,
        "nauc_map_at_5_max": NaN,
        "nauc_map_at_5_std": NaN,
        "nauc_mrr_at_1000_diff1": -0.02889002948824999,
        "nauc_mrr_at_1000_max": -0.02889002948824999,
        "nauc_mrr_at_1000_std": -0.02889002948824999,
        "nauc_mrr_at_100_diff1": -0.07056613898577942,
        "nauc_mrr_at_100_max": -0.07056613898577942,
        "nauc_mrr_at_100_std": -0.07056613898577942,
        "nauc_mrr_at_10_diff1": NaN,
        "nauc_mrr_at_10_max": NaN,
        "nauc_mrr_at_10_std": NaN,
        "nauc_mrr_at_1_diff1": NaN,
        "nauc_mrr_at_1_max": NaN,
        "nauc_mrr_at_1_std": NaN,
        "nauc_mrr_at_20_diff1": -0.07056613898577939,
        "nauc_mrr_at_20_max": -0.07056613898577939,
        "nauc_mrr_at_20_std": -0.07056613898577939,
        "nauc_mrr_at_3_diff1": NaN,
        "nauc_mrr_at_3_max": NaN,
        "nauc_mrr_at_3_std": NaN,
        "nauc_mrr_at_5_diff1": NaN,
        "nauc_mrr_at_5_max": NaN,
        "nauc_mrr_at_5_std": NaN,
        "nauc_ndcg_at_1000_diff1": 0.01002609906688354,
        "nauc_ndcg_at_1000_max": 0.01002609906688354,
        "nauc_ndcg_at_1000_std": 0.01002609906688354,
        "nauc_ndcg_at_100_diff1": -0.11860190075800543,
        "nauc_ndcg_at_100_max": -0.11860190075800543,
        "nauc_ndcg_at_100_std": -0.11860190075800543,
        "nauc_ndcg_at_10_diff1": NaN,
        "nauc_ndcg_at_10_max": NaN,
        "nauc_ndcg_at_10_std": NaN,
        "nauc_ndcg_at_1_diff1": NaN,
        "nauc_ndcg_at_1_max": NaN,
        "nauc_ndcg_at_1_std": NaN,
        "nauc_ndcg_at_20_diff1": NaN,
        "nauc_ndcg_at_20_max": NaN,
        "nauc_ndcg_at_20_std": NaN,
        "nauc_ndcg_at_3_diff1": NaN,
        "nauc_ndcg_at_3_max": NaN,
        "nauc_ndcg_at_3_std": NaN,
        "nauc_ndcg_at_5_diff1": NaN,
        "nauc_ndcg_at_5_max": NaN,
        "nauc_ndcg_at_5_std": NaN,
        "nauc_precision_at_1000_diff1": 0.029675342098202367,
        "nauc_precision_at_1000_max": 0.029675342098202367,
        "nauc_precision_at_1000_std": 0.029675342098202367,
        "nauc_precision_at_100_diff1": -0.1381808425006707,
        "nauc_precision_at_100_max": -0.1381808425006707,
        "nauc_precision_at_100_std": -0.1381808425006707,
        "nauc_precision_at_10_diff1": NaN,
        "nauc_precision_at_10_max": NaN,
        "nauc_precision_at_10_std": NaN,
        "nauc_precision_at_1_diff1": NaN,
        "nauc_precision_at_1_max": NaN,
        "nauc_precision_at_1_std": NaN,
        "nauc_precision_at_20_diff1": NaN,
        "nauc_precision_at_20_max": NaN,
        "nauc_precision_at_20_std": NaN,
        "nauc_precision_at_3_diff1": NaN,
        "nauc_precision_at_3_max": NaN,
        "nauc_precision_at_3_std": NaN,
        "nauc_precision_at_5_diff1": NaN,
        "nauc_precision_at_5_max": NaN,
        "nauc_precision_at_5_std": NaN,
        "nauc_recall_at_1000_diff1": -0.002392116947005037,
        "nauc_recall_at_1000_max": -0.002392116947005037,
        "nauc_recall_at_1000_std": -0.002392116947005037,
        "nauc_recall_at_100_diff1": -0.11564260799570701,
        "nauc_recall_at_100_max": -0.11564260799570701,
        "nauc_recall_at_100_std": -0.11564260799570701,
        "nauc_recall_at_10_diff1": NaN,
        "nauc_recall_at_10_max": NaN,
        "nauc_recall_at_10_std": NaN,
        "nauc_recall_at_1_diff1": NaN,
        "nauc_recall_at_1_max": NaN,
        "nauc_recall_at_1_std": NaN,
        "nauc_recall_at_20_diff1": NaN,
        "nauc_recall_at_20_max": NaN,
        "nauc_recall_at_20_std": NaN,
        "nauc_recall_at_3_diff1": NaN,
        "nauc_recall_at_3_max": NaN,
        "nauc_recall_at_3_std": NaN,
        "nauc_recall_at_5_diff1": NaN,
        "nauc_recall_at_5_max": NaN,
        "nauc_recall_at_5_std": NaN,
        "ndcg_at_1": 0.0,
        "ndcg_at_10": 0.0,
        "ndcg_at_100": 3e-05,
        "ndcg_at_1000": 0.00036,
        "ndcg_at_20": 0.0,
        "ndcg_at_3": 0.0,
        "ndcg_at_5": 0.0,
        "precision_at_1": 0.0,
        "precision_at_10": 0.0,
        "precision_at_100": 0.0,
        "precision_at_1000": 1e-05,
        "precision_at_20": 0.0,
        "precision_at_3": 0.0,
        "precision_at_5": 0.0,
        "recall_at_1": 0.0,
        "recall_at_10": 0.0,
        "recall_at_100": 0.00015,
        "recall_at_1000": 0.00263,
        "recall_at_20": 0.0,
        "recall_at_3": 0.0,
        "recall_at_5": 0.0
      }
    ]
  },
  "task_name": "QuoraRetrieval"
}