{
  "dataset_revision": "f8c2fcf00f625baaa80f62ec5bd9e1fff3b8ae88",
  "evaluation_time": 4.2809813022613525,
  "kg_co2_emissions": null,
  "mteb_version": "1.18.6",
  "scores": {
    "test": [
      {
        "hf_subset": "default",
        "languages": [
          "eng-Latn"
        ],
        "main_score": 0.0,
        "map_at_1": 0.0,
        "map_at_10": 0.0,
        "map_at_100": 9e-05,
        "map_at_1000": 0.00016,
        "map_at_20": 5e-05,
        "map_at_3": 0.0,
        "map_at_5": 0.0,
        "mrr_at_1": 0.0,
        "mrr_at_10": 0.00016666666666666666,
        "mrr_at_100": 0.0003530703553236533,
        "mrr_at_1000": 0.0007145496090680441,
        "mrr_at_20": 0.0002222222222222222,
        "mrr_at_3": 0.0,
        "mrr_at_5": 0.0,
        "nauc_map_at_1000_diff1": 0.04931200873180708,
        "nauc_map_at_1000_max": 0.04931200873180708,
        "nauc_map_at_1000_std": 0.04931200873180708,
        "nauc_map_at_100_diff1": 0.12597521238714596,
        "nauc_map_at_100_max": 0.12597521238714596,
        "nauc_map_at_100_std": 0.12597521238714596,
        "nauc_map_at_10_diff1": NaN,
        "nauc_map_at_10_max": NaN,
        "nauc_map_at_10_std": NaN,
        "nauc_map_at_1_diff1": NaN,
        "nauc_map_at_1_max": NaN,
        "nauc_map_at_1_std": NaN,
        "nauc_map_at_20_diff1": 0.05220039001088539,
        "nauc_map_at_20_max": 0.05220039001088539,
        "nauc_map_at_20_std": 0.05220039001088539,
        "nauc_map_at_3_diff1": NaN,
        "nauc_map_at_3_max": NaN,
        "nauc_map_at_3_std": NaN,
        "nauc_map_at_5_diff1": NaN,
        "nauc_map_at_5_max": NaN,
        "nauc_map_at_5_std": NaN,
        "nauc_mrr_at_1000_diff1": -0.17617928922235346,
        "nauc_mrr_at_1000_max": -0.17617928922235346,
        "nauc_mrr_at_1000_std": -0.17617928922235346,
        "nauc_mrr_at_100_diff1": -0.2571232752696619,
        "nauc_mrr_at_100_max": -0.2571232752696619,
        "nauc_mrr_at_100_std": -0.2571232752696619,
        "nauc_mrr_at_10_diff1": -0.5747249798765763,
        "nauc_mrr_at_10_max": -0.5747249798765763,
        "nauc_mrr_at_10_std": -0.5747249798765763,
        "nauc_mrr_at_1_diff1": NaN,
        "nauc_mrr_at_1_max": NaN,
        "nauc_mrr_at_1_std": NaN,
        "nauc_mrr_at_20_diff1": -0.4486852696538771,
        "nauc_mrr_at_20_max": -0.4486852696538771,
        "nauc_mrr_at_20_std": -0.4486852696538771,
        "nauc_mrr_at_3_diff1": NaN,
        "nauc_mrr_at_3_max": NaN,
        "nauc_mrr_at_3_std": NaN,
        "nauc_mrr_at_5_diff1": NaN,
        "nauc_mrr_at_5_max": NaN,
        "nauc_mrr_at_5_std": NaN,
        "nauc_ndcg_at_1000_diff1": -0.028248054347412694,
        "nauc_ndcg_at_1000_max": -0.028248054347412694,
        "nauc_ndcg_at_1000_std": -0.028248054347412694,
        "nauc_ndcg_at_100_diff1": 0.1515134583112018,
        "nauc_ndcg_at_100_max": 0.1515134583112018,
        "nauc_ndcg_at_100_std": 0.1515134583112018,
        "nauc_ndcg_at_10_diff1": NaN,
        "nauc_ndcg_at_10_max": NaN,
        "nauc_ndcg_at_10_std": NaN,
        "nauc_ndcg_at_1_diff1": NaN,
        "nauc_ndcg_at_1_max": NaN,
        "nauc_ndcg_at_1_std": NaN,
        "nauc_ndcg_at_20_diff1": 0.013186897513679406,
        "nauc_ndcg_at_20_max": 0.013186897513679406,
        "nauc_ndcg_at_20_std": 0.013186897513679406,
        "nauc_ndcg_at_3_diff1": NaN,
        "nauc_ndcg_at_3_max": NaN,
        "nauc_ndcg_at_3_std": NaN,
        "nauc_ndcg_at_5_diff1": NaN,
        "nauc_ndcg_at_5_max": NaN,
        "nauc_ndcg_at_5_std": NaN,
        "nauc_precision_at_1000_diff1": -0.04437363839649931,
        "nauc_precision_at_1000_max": -0.04437363839649931,
        "nauc_precision_at_1000_std": -0.04437363839649931,
        "nauc_precision_at_100_diff1": 0.16290390586070733,
        "nauc_precision_at_100_max": 0.16290390586070733,
        "nauc_precision_at_100_std": 0.16290390586070733,
        "nauc_precision_at_10_diff1": NaN,
        "nauc_precision_at_10_max": NaN,
        "nauc_precision_at_10_std": NaN,
        "nauc_precision_at_1_diff1": NaN,
        "nauc_precision_at_1_max": NaN,
        "nauc_precision_at_1_std": NaN,
        "nauc_precision_at_20_diff1": -0.0059699490206601095,
        "nauc_precision_at_20_max": -0.0059699490206601095,
        "nauc_precision_at_20_std": -0.0059699490206601095,
        "nauc_precision_at_3_diff1": NaN,
        "nauc_precision_at_3_max": NaN,
        "nauc_precision_at_3_std": NaN,
        "nauc_precision_at_5_diff1": NaN,
        "nauc_precision_at_5_max": NaN,
        "nauc_precision_at_5_std": NaN,
        "nauc_recall_at_1000_diff1": -0.042127668012516606,
        "nauc_recall_at_1000_max": -0.042127668012516606,
        "nauc_recall_at_1000_std": -0.042127668012516606,
        "nauc_recall_at_100_diff1": 0.16290390586070744,
        "nauc_recall_at_100_max": 0.16290390586070744,
        "nauc_recall_at_100_std": 0.16290390586070744,
        "nauc_recall_at_10_diff1": NaN,
        "nauc_recall_at_10_max": NaN,
        "nauc_recall_at_10_std": NaN,
        "nauc_recall_at_1_diff1": NaN,
        "nauc_recall_at_1_max": NaN,
        "nauc_recall_at_1_std": NaN,
        "nauc_recall_at_20_diff1": -0.0059699490206601095,
        "nauc_recall_at_20_max": -0.0059699490206601095,
        "nauc_recall_at_20_std": -0.0059699490206601095,
        "nauc_recall_at_3_diff1": NaN,
        "nauc_recall_at_3_max": NaN,
        "nauc_recall_at_3_std": NaN,
        "nauc_recall_at_5_diff1": NaN,
        "nauc_recall_at_5_max": NaN,
        "nauc_recall_at_5_std": NaN,
        "ndcg_at_1": 0.0,
        "ndcg_at_10": 0.0,
        "ndcg_at_100": 0.00091,
        "ndcg_at_1000": 0.00642,
        "ndcg_at_20": 0.00033,
        "ndcg_at_3": 0.0,
        "ndcg_at_5": 0.0,
        "precision_at_1": 0.0,
        "precision_at_10": 0.0,
        "precision_at_100": 0.00014,
        "precision_at_1000": 0.00016,
        "precision_at_20": 0.0002,
        "precision_at_3": 0.0,
        "precision_at_5": 0.0,
        "recall_at_1": 0.0,
        "recall_at_10": 0.0,
        "recall_at_100": 0.0028,
        "recall_at_1000": 0.03168,
        "recall_at_20": 0.0008,
        "recall_at_3": 0.0,
        "recall_at_5": 0.0
      }
    ]
  },
  "task_name": "SCIDOCS"
}