{
  "dataset_revision": "0228b52cf27578f30900b9e5271d331663a030d7",
  "evaluation_time": 1.609534740447998,
  "kg_co2_emissions": null,
  "mteb_version": "1.18.6",
  "scores": {
    "test": [
      {
        "hf_subset": "default",
        "languages": [
          "eng-Latn"
        ],
        "main_score": 0.0,
        "map_at_1": 0.0,
        "map_at_10": 0.0,
        "map_at_100": 3e-05,
        "map_at_1000": 0.00034,
        "map_at_20": 0.0,
        "map_at_3": 0.0,
        "map_at_5": 0.0,
        "mrr_at_1": 0.0,
        "mrr_at_10": 0.0003333333333333334,
        "mrr_at_100": 0.0017573695475725003,
        "mrr_at_1000": 0.002061152903358276,
        "mrr_at_20": 0.0011452991452991453,
        "mrr_at_3": 0.0,
        "mrr_at_5": 0.0,
        "nauc_map_at_1000_diff1": 0.09376375000742464,
        "nauc_map_at_1000_max": 0.09376375000742464,
        "nauc_map_at_1000_std": 0.09376375000742464,
        "nauc_map_at_100_diff1": 0.3238529648510868,
        "nauc_map_at_100_max": 0.3238529648510868,
        "nauc_map_at_100_std": 0.3238529648510868,
        "nauc_map_at_10_diff1": NaN,
        "nauc_map_at_10_max": NaN,
        "nauc_map_at_10_std": NaN,
        "nauc_map_at_1_diff1": NaN,
        "nauc_map_at_1_max": NaN,
        "nauc_map_at_1_std": NaN,
        "nauc_map_at_20_diff1": NaN,
        "nauc_map_at_20_max": NaN,
        "nauc_map_at_20_std": NaN,
        "nauc_map_at_3_diff1": NaN,
        "nauc_map_at_3_max": NaN,
        "nauc_map_at_3_std": NaN,
        "nauc_map_at_5_diff1": NaN,
        "nauc_map_at_5_max": NaN,
        "nauc_map_at_5_std": NaN,
        "nauc_mrr_at_1000_diff1": -0.10134137996646342,
        "nauc_mrr_at_1000_max": -0.10134137996646342,
        "nauc_mrr_at_1000_std": -0.10134137996646342,
        "nauc_mrr_at_100_diff1": -0.09917338137179678,
        "nauc_mrr_at_100_max": -0.09917338137179678,
        "nauc_mrr_at_100_std": -0.09917338137179678,
        "nauc_mrr_at_10_diff1": -0.07056613898577949,
        "nauc_mrr_at_10_max": -0.07056613898577949,
        "nauc_mrr_at_10_std": -0.07056613898577949,
        "nauc_mrr_at_1_diff1": NaN,
        "nauc_mrr_at_1_max": NaN,
        "nauc_mrr_at_1_std": NaN,
        "nauc_mrr_at_20_diff1": -0.35423132526260587,
        "nauc_mrr_at_20_max": -0.35423132526260587,
        "nauc_mrr_at_20_std": -0.35423132526260587,
        "nauc_mrr_at_3_diff1": NaN,
        "nauc_mrr_at_3_max": NaN,
        "nauc_mrr_at_3_std": NaN,
        "nauc_mrr_at_5_diff1": NaN,
        "nauc_mrr_at_5_max": NaN,
        "nauc_mrr_at_5_std": NaN,
        "nauc_ndcg_at_1000_diff1": 0.014289753228560848,
        "nauc_ndcg_at_1000_max": 0.014289753228560848,
        "nauc_ndcg_at_1000_std": 0.014289753228560848,
        "nauc_ndcg_at_100_diff1": 0.32385296485108683,
        "nauc_ndcg_at_100_max": 0.32385296485108683,
        "nauc_ndcg_at_100_std": 0.32385296485108683,
        "nauc_ndcg_at_10_diff1": NaN,
        "nauc_ndcg_at_10_max": NaN,
        "nauc_ndcg_at_10_std": NaN,
        "nauc_ndcg_at_1_diff1": NaN,
        "nauc_ndcg_at_1_max": NaN,
        "nauc_ndcg_at_1_std": NaN,
        "nauc_ndcg_at_20_diff1": NaN,
        "nauc_ndcg_at_20_max": NaN,
        "nauc_ndcg_at_20_std": NaN,
        "nauc_ndcg_at_3_diff1": NaN,
        "nauc_ndcg_at_3_max": NaN,
        "nauc_ndcg_at_3_std": NaN,
        "nauc_ndcg_at_5_diff1": NaN,
        "nauc_ndcg_at_5_max": NaN,
        "nauc_ndcg_at_5_std": NaN,
        "nauc_precision_at_1000_diff1": 0.00467014804975845,
        "nauc_precision_at_1000_max": 0.00467014804975845,
        "nauc_precision_at_1000_std": 0.00467014804975845,
        "nauc_precision_at_100_diff1": 0.32385296485108683,
        "nauc_precision_at_100_max": 0.32385296485108683,
        "nauc_precision_at_100_std": 0.32385296485108683,
        "nauc_precision_at_10_diff1": NaN,
        "nauc_precision_at_10_max": NaN,
        "nauc_precision_at_10_std": NaN,
        "nauc_precision_at_1_diff1": NaN,
        "nauc_precision_at_1_max": NaN,
        "nauc_precision_at_1_std": NaN,
        "nauc_precision_at_20_diff1": NaN,
        "nauc_precision_at_20_max": NaN,
        "nauc_precision_at_20_std": NaN,
        "nauc_precision_at_3_diff1": NaN,
        "nauc_precision_at_3_max": NaN,
        "nauc_precision_at_3_std": NaN,
        "nauc_precision_at_5_diff1": NaN,
        "nauc_precision_at_5_max": NaN,
        "nauc_precision_at_5_std": NaN,
        "nauc_recall_at_1000_diff1": 0.0025673179952939466,
        "nauc_recall_at_1000_max": 0.0025673179952939466,
        "nauc_recall_at_1000_std": 0.0025673179952939466,
        "nauc_recall_at_100_diff1": 0.3238529648510868,
        "nauc_recall_at_100_max": 0.3238529648510868,
        "nauc_recall_at_100_std": 0.3238529648510868,
        "nauc_recall_at_10_diff1": NaN,
        "nauc_recall_at_10_max": NaN,
        "nauc_recall_at_10_std": NaN,
        "nauc_recall_at_1_diff1": NaN,
        "nauc_recall_at_1_max": NaN,
        "nauc_recall_at_1_std": NaN,
        "nauc_recall_at_20_diff1": NaN,
        "nauc_recall_at_20_max": NaN,
        "nauc_recall_at_20_std": NaN,
        "nauc_recall_at_3_diff1": NaN,
        "nauc_recall_at_3_max": NaN,
        "nauc_recall_at_3_std": NaN,
        "nauc_recall_at_5_diff1": NaN,
        "nauc_recall_at_5_max": NaN,
        "nauc_recall_at_5_std": NaN,
        "ndcg_at_1": 0.0,
        "ndcg_at_10": 0.0,
        "ndcg_at_100": 0.00051,
        "ndcg_at_1000": 0.01724,
        "ndcg_at_20": 0.0,
        "ndcg_at_3": 0.0,
        "ndcg_at_5": 0.0,
        "precision_at_1": 0.0,
        "precision_at_10": 0.0,
        "precision_at_100": 3e-05,
        "precision_at_1000": 0.00017,
        "precision_at_20": 0.0,
        "precision_at_3": 0.0,
        "precision_at_5": 0.0,
        "recall_at_1": 0.0,
        "recall_at_10": 0.0,
        "recall_at_100": 0.00333,
        "recall_at_1000": 0.15178,
        "recall_at_20": 0.0,
        "recall_at_3": 0.0,
        "recall_at_5": 0.0
      }
    ]
  },
  "task_name": "SciFact"
}