{
  "dataset_revision": "bb9466bac8153a0349341eb1b22e06409e78ef4e",
  "evaluation_time": 3.379758596420288,
  "kg_co2_emissions": null,
  "mteb_version": "1.18.6",
  "scores": {
    "test": [
      {
        "hf_subset": "default",
        "languages": [
          "eng-Latn"
        ],
        "main_score": 0.0028,
        "map_at_1": 0.0,
        "map_at_10": 4e-05,
        "map_at_100": 5e-05,
        "map_at_1000": 8e-05,
        "map_at_20": 4e-05,
        "map_at_3": 3e-05,
        "map_at_5": 4e-05,
        "mrr_at_1": 0.02,
        "mrr_at_10": 0.02,
        "mrr_at_100": 0.024333724407637453,
        "mrr_at_1000": 0.027108642392116047,
        "mrr_at_20": 0.02,
        "mrr_at_3": 0.02,
        "mrr_at_5": 0.02,
        "nauc_map_at_1000_diff1": 0.019385623009900328,
        "nauc_map_at_1000_max": 0.019385623009900328,
        "nauc_map_at_1000_std": 0.019385623009900328,
        "nauc_map_at_100_diff1": 0.11073639185322662,
        "nauc_map_at_100_max": 0.11073639185322662,
        "nauc_map_at_100_std": 0.11073639185322662,
        "nauc_map_at_10_diff1": 0.1472410441645315,
        "nauc_map_at_10_max": 0.1472410441645315,
        "nauc_map_at_10_std": 0.1472410441645315,
        "nauc_map_at_1_diff1": NaN,
        "nauc_map_at_1_max": NaN,
        "nauc_map_at_1_std": NaN,
        "nauc_map_at_20_diff1": 0.1472410441645315,
        "nauc_map_at_20_max": 0.1472410441645315,
        "nauc_map_at_20_std": 0.1472410441645315,
        "nauc_map_at_3_diff1": 0.09847061980144883,
        "nauc_map_at_3_max": 0.09847061980144883,
        "nauc_map_at_3_std": 0.09847061980144883,
        "nauc_map_at_5_diff1": 0.1472410441645315,
        "nauc_map_at_5_max": 0.1472410441645315,
        "nauc_map_at_5_std": 0.1472410441645315,
        "nauc_mrr_at_1000_diff1": 0.3056082851761514,
        "nauc_mrr_at_1000_max": 0.3056082851761514,
        "nauc_mrr_at_1000_std": 0.3056082851761514,
        "nauc_mrr_at_100_diff1": 0.30762068527117226,
        "nauc_mrr_at_100_max": 0.30762068527117226,
        "nauc_mrr_at_100_std": 0.30762068527117226,
        "nauc_mrr_at_10_diff1": 0.32385296485108656,
        "nauc_mrr_at_10_max": 0.32385296485108656,
        "nauc_mrr_at_10_std": 0.32385296485108656,
        "nauc_mrr_at_1_diff1": 0.32385296485108656,
        "nauc_mrr_at_1_max": 0.32385296485108656,
        "nauc_mrr_at_1_std": 0.32385296485108656,
        "nauc_mrr_at_20_diff1": 0.32385296485108656,
        "nauc_mrr_at_20_max": 0.32385296485108656,
        "nauc_mrr_at_20_std": 0.32385296485108656,
        "nauc_mrr_at_3_diff1": 0.32385296485108656,
        "nauc_mrr_at_3_max": 0.32385296485108656,
        "nauc_mrr_at_3_std": 0.32385296485108656,
        "nauc_mrr_at_5_diff1": 0.32385296485108656,
        "nauc_mrr_at_5_max": 0.32385296485108656,
        "nauc_mrr_at_5_std": 0.32385296485108656,
        "nauc_ndcg_at_1000_diff1": -0.08962362319563422,
        "nauc_ndcg_at_1000_max": -0.08962362319563422,
        "nauc_ndcg_at_1000_std": -0.08962362319563422,
        "nauc_ndcg_at_100_diff1": 0.1427521879604627,
        "nauc_ndcg_at_100_max": 0.1427521879604627,
        "nauc_ndcg_at_100_std": 0.1427521879604627,
        "nauc_ndcg_at_10_diff1": 0.23537791124005927,
        "nauc_ndcg_at_10_max": 0.23537791124005927,
        "nauc_ndcg_at_10_std": 0.23537791124005927,
        "nauc_ndcg_at_1_diff1": NaN,
        "nauc_ndcg_at_1_max": NaN,
        "nauc_ndcg_at_1_std": NaN,
        "nauc_ndcg_at_20_diff1": 0.2353779112400591,
        "nauc_ndcg_at_20_max": 0.2353779112400591,
        "nauc_ndcg_at_20_std": 0.2353779112400591,
        "nauc_ndcg_at_3_diff1": 0.09847061980144897,
        "nauc_ndcg_at_3_max": 0.09847061980144897,
        "nauc_ndcg_at_3_std": 0.09847061980144897,
        "nauc_ndcg_at_5_diff1": 0.23537791124005933,
        "nauc_ndcg_at_5_max": 0.23537791124005933,
        "nauc_ndcg_at_5_std": 0.23537791124005933,
        "nauc_precision_at_1000_diff1": -0.08671604224187454,
        "nauc_precision_at_1000_max": -0.08671604224187454,
        "nauc_precision_at_1000_std": -0.08671604224187454,
        "nauc_precision_at_100_diff1": 0.07465645264254274,
        "nauc_precision_at_100_max": 0.07465645264254274,
        "nauc_precision_at_100_std": 0.07465645264254274,
        "nauc_precision_at_10_diff1": 0.2111617923262678,
        "nauc_precision_at_10_max": 0.2111617923262678,
        "nauc_precision_at_10_std": 0.2111617923262678,
        "nauc_precision_at_1_diff1": NaN,
        "nauc_precision_at_1_max": NaN,
        "nauc_precision_at_1_std": NaN,
        "nauc_precision_at_20_diff1": 0.2111617923262678,
        "nauc_precision_at_20_max": 0.2111617923262678,
        "nauc_precision_at_20_std": 0.2111617923262678,
        "nauc_precision_at_3_diff1": 0.09847061980144893,
        "nauc_precision_at_3_max": 0.09847061980144893,
        "nauc_precision_at_3_std": 0.09847061980144893,
        "nauc_precision_at_5_diff1": 0.2111617923262678,
        "nauc_precision_at_5_max": 0.2111617923262678,
        "nauc_precision_at_5_std": 0.2111617923262678,
        "nauc_recall_at_1000_diff1": -0.14428255763845324,
        "nauc_recall_at_1000_max": -0.14428255763845324,
        "nauc_recall_at_1000_std": -0.14428255763845324,
        "nauc_recall_at_100_diff1": 0.07239737303265302,
        "nauc_recall_at_100_max": 0.07239737303265302,
        "nauc_recall_at_100_std": 0.07239737303265302,
        "nauc_recall_at_10_diff1": 0.16950696947881005,
        "nauc_recall_at_10_max": 0.16950696947881005,
        "nauc_recall_at_10_std": 0.16950696947881005,
        "nauc_recall_at_1_diff1": NaN,
        "nauc_recall_at_1_max": NaN,
        "nauc_recall_at_1_std": NaN,
        "nauc_recall_at_20_diff1": 0.16950696947881005,
        "nauc_recall_at_20_max": 0.16950696947881005,
        "nauc_recall_at_20_std": 0.16950696947881005,
        "nauc_recall_at_3_diff1": 0.09847061980144899,
        "nauc_recall_at_3_max": 0.09847061980144899,
        "nauc_recall_at_3_std": 0.09847061980144899,
        "nauc_recall_at_5_diff1": 0.16950696947881005,
        "nauc_recall_at_5_max": 0.16950696947881005,
        "nauc_recall_at_5_std": 0.16950696947881005,
        "ndcg_at_1": 0.0,
        "ndcg_at_10": 0.0028,
        "ndcg_at_100": 0.00154,
        "ndcg_at_1000": 0.0048,
        "ndcg_at_20": 0.00181,
        "ndcg_at_3": 0.00235,
        "ndcg_at_5": 0.00432,
        "precision_at_1": 0.0,
        "precision_at_10": 0.004,
        "precision_at_100": 0.0018,
        "precision_at_1000": 0.00304,
        "precision_at_20": 0.002,
        "precision_at_3": 0.00667,
        "precision_at_5": 0.008,
        "recall_at_1": 0.0,
        "recall_at_10": 0.00015,
        "recall_at_100": 0.00039,
        "recall_at_1000": 0.00606,
        "recall_at_20": 0.00015,
        "recall_at_3": 0.0001,
        "recall_at_5": 0.00015
      }
    ]
  },
  "task_name": "TRECCOVID"
}